participant_id,member,raw_rows,source_epochs,source_duration_hours,inferred_sample_rate_hz,maximum_epoch_gap_seconds,irregular_epoch_gaps,wake_time,main_sleep_start,main_sleep_end,main_sleep_hours,selected_window_start,selected_window_end,annotated_epoch_percent,observed_24h_bins,missing_24h_minutes,mean_enmo_mg_observed,processing_seconds
P001,capture24/P001.csv.gz,10020001,20040,27.833333333333332,100.00000998003992,5.0,0,2016-11-13T06:25:05+00:00,2016-11-13T02:18:00+00:00,2016-11-13T06:25:05+00:00,4.118055555555555,2016-11-13T02:18:00+00:00,2016-11-14T02:18:00+00:00,75.16966067864271,17280,0.0,31.391826629638672,23.9127995967865
P002,capture24/P002.csv.gz,8820001,17640,24.5,100.00001133786849,5.0,0,2016-05-21T05:03:05+00:00,2016-05-21T01:53:00+00:00,2016-05-21T05:03:05+00:00,3.1680555555555556,2016-05-21T01:53:00+00:00,2016-05-22T01:53:00+00:00,64.25170068027211,17280,0.0,49.66371536254883,17.552911281585693
P003,capture24/P003.csv.gz,9720001,19440,27.0,100.00001028806584,5.0,0,2016-01-13T04:45:05+00:00,2016-01-13T00:45:00+00:00,2016-01-13T04:45:05+00:00,4.001388888888889,2016-01-13T00:45:00+00:00,2016-01-14T00:45:00+00:00,61.40432098765432,17280,0.0,52.113067626953125,21.76350998878479
P004,capture24/P004.csv.gz,7791785,15583,21.643055555555556,100.0036578322531,5.0,0,2016-11-22T04:46:05+00:00,2016-11-22T02:46:00+00:00,2016-11-22T04:46:05+00:00,2.001388888888889,2016-11-22T02:46:00+00:00,2016-11-23T00:24:35+00:00,72.50208560610922,15583,141.41666666666666,23.82407569885254,18.898325443267822
P005,capture24/P005.csv.gz,9900001,19800,27.5,100.0000101010101,5.0,0,2016-02-08T05:07:05+00:00,2016-02-08T00:27:00+00:00,2016-02-08T05:07:05+00:00,4.668055555555555,2016-02-08T00:27:00+00:00,2016-02-09T00:27:00+00:00,70.72727272727273,17280,0.0,34.744747161865234,21.533933401107788
P006,capture24/P006.csv.gz,11430001,22860,31.75,100.00000874890638,5.0,0,2016-02-21T06:31:05+00:00,2016-02-20T22:56:00+00:00,2016-02-21T06:31:05+00:00,7.584722222222222,2016-02-20T22:56:00+00:00,2016-02-21T22:56:00+00:00,71.67541557305337,17280,0.0,30.45051383972168,23.273900985717773
P007,capture24/P007.csv.gz,10080001,20160,28.0,100.00000992063492,5.0,0,2016-06-30T05:47:00+00:00,2016-06-30T01:37:00+00:00,2016-06-30T05:47:00+00:00,4.166666666666667,2016-06-29T05:47:00+00:00,2016-06-30T05:47:00+00:00,75.9126984126984,17280,0.0,53.954708099365234,21.875481843948364
P008,capture24/P008.csv.gz,9585588,19171,28.499758333333336,93.42757584786537,6749.129999872,1,2016-03-10T04:09:05+00:00,2016-03-09T22:09:00+00:00,2016-03-10T04:09:05+00:00,6.001388888888889,2016-03-09T22:09:00+00:00,2016-03-10T22:09:00+00:00,69.79813259610872,15931,112.41666666666667,19.832534790039062,21.03833794593811
P009,capture24/P009.csv.gz,7307852,14615,20.29861111111111,100.0048169688676,5.0,0,2016-05-10T03:25:05+00:00,2016-05-10T01:25:00+00:00,2016-05-10T03:25:05+00:00,2.001388888888889,2016-05-10T01:25:00+00:00,2016-05-10T21:42:55+00:00,31.419774204584332,14615,222.08333333333334,36.977603912353516,13.119808673858643
P010,capture24/P010.csv.gz,9180001,18360,25.5,100.00001089324618,5.0,0,2016-12-15T06:22:05+00:00,2016-12-15T02:04:00+00:00,2016-12-15T06:22:05+00:00,4.301388888888889,2016-12-15T02:04:00+00:00,2016-12-16T02:04:00+00:00,69.31917211328977,17280,0.0,28.660850524902344,24.59840440750122
P011,capture24/P011.csv.gz,9720001,19440,27.0,100.00001028806584,5.0,0,2016-06-20T08:23:05+00:00,2016-06-20T01:43:00+00:00,2016-06-20T08:23:05+00:00,6.668055555555555,2016-06-20T01:43:00+00:00,2016-06-21T01:43:00+00:00,62.49485596707819,17280,0.0,20.391319274902344,19.066089868545532
P012,capture24/P012.csv.gz,9450001,18900,26.25,100.00001058201059,5.0,0,2016-06-11T04:22:05+00:00,2016-06-10T23:47:00+00:00,2016-06-11T04:22:05+00:00,4.584722222222222,2016-06-10T23:47:00+00:00,2016-06-11T23:47:00+00:00,73.11640211640211,17280,0.0,59.96339797973633,19.672914743423462
P013,capture24/P013.csv.gz,8461601,16923,23.504166666666666,100.00119364178929,5.0,0,2016-02-28T04:51:05+00:00,2016-02-28T00:11:00+00:00,2016-02-28T04:51:05+00:00,4.668055555555555,2016-02-28T00:11:00+00:00,2016-02-28T23:41:15+00:00,74.68533947881582,16923,29.75,26.14120101928711,18.62401247024536
P014,capture24/P014.csv.gz,9990001,19980,27.75,100.00001001001002,5.0,0,2016-01-09T04:53:00+00:00,2016-01-09T01:08:00+00:00,2016-01-09T04:53:00+00:00,3.75,2016-01-08T04:53:00+00:00,2016-01-09T04:53:00+00:00,70.49049049049049,17280,0.0,28.267131805419922,21.204930782318115
P015,capture24/P015.csv.gz,9360001,18720,26.0,100.00001068376068,5.0,0,2016-06-09T06:52:05+00:00,2016-06-09T01:32:00+00:00,2016-06-09T06:52:05+00:00,5.334722222222222,2016-06-09T01:32:00+00:00,2016-06-10T01:32:00+00:00,59.35363247863248,17280,0.0,21.200687408447266,19.2099711894989
P016,capture24/P016.csv.gz,8874001,17748,25.65,96.10137535196014,3605.0,1,2016-11-12T05:58:05+00:00,2016-11-12T02:49:00+00:00,2016-11-12T05:58:05+00:00,3.151388888888889,2016-11-12T02:49:00+00:00,2016-11-13T02:49:00+00:00,66.4694613477575,16560,60.0,74.52911376953125,19.59521746635437
P017,capture24/P017.csv.gz,9720001,19440,28.0,96.42858134920635,3605.0,1,2016-10-31T06:28:05+00:00,2016-10-31T02:28:05+00:00,2016-10-31T06:28:05+00:00,4.0,2016-10-31T02:28:05+00:00,2016-11-01T02:28:05+00:00,70.56584362139918,17280,0.0,33.52464294433594,22.79664921760559
P018,capture24/P018.csv.gz,8910001,17820,24.75,100.00001122334456,5.0,0,2016-05-21T01:53:00+00:00,2016-05-20T23:43:00+00:00,2016-05-21T01:53:00+00:00,2.1666666666666665,2016-05-20T01:53:00+00:00,2016-05-21T01:53:00+00:00,45.258136924803594,17280,0.0,24.77504539489746,16.484277963638306
P019,capture24/P019.csv.gz,9570001,19140,26.583333333333332,100.0000104493208,5.0,0,2016-06-04T06:17:05+00:00,2016-06-03T23:27:00+00:00,2016-06-04T06:17:05+00:00,6.834722222222222,2016-06-03T23:27:00+00:00,2016-06-04T23:27:00+00:00,71.30616509926855,17280,0.0,35.326927185058594,20.81137228012085
P020,capture24/P020.csv.gz,7920001,15840,22.0,100.00001262626263,5.0,0,2016-09-28T06:46:05+00:00,2016-09-28T05:06:00+00:00,2016-09-28T06:46:05+00:00,1.6680555555555556,2016-09-28T05:06:00+00:00,2016-09-29T03:06:00+00:00,60.70707070707071,15840,120.0,22.197031021118164,18.441988945007324
P021,capture24/P021.csv.gz,9540001,19080,26.5,100.00001048218029,5.0,0,2016-05-07T02:39:05+00:00,2016-05-06T23:19:00+00:00,2016-05-07T02:39:05+00:00,3.334722222222222,2016-05-06T23:19:00+00:00,2016-05-07T23:19:00+00:00,67.65723270440252,17280,0.0,31.502763748168945,20.401639223098755
P022,capture24/P022.csv.gz,10680001,21360,29.666666666666668,100.00000936329587,5.0,0,2016-02-25T06:30:05+00:00,2016-02-25T00:40:00+00:00,2016-02-25T06:30:05+00:00,5.834722222222222,2016-02-25T00:40:00+00:00,2016-02-26T00:40:00+00:00,81.76498127340824,17280,0.0,30.88671112060547,24.61608123779297
P023,capture24/P023.csv.gz,10080001,20160,28.0,100.00000992063492,5.0,0,2016-01-24T04:37:05+00:00,2016-01-24T00:37:00+00:00,2016-01-24T04:37:05+00:00,4.001388888888889,2016-01-24T00:37:00+00:00,2016-01-25T00:37:00+00:00,55.46626984126984,17280,0.0,51.06357955932617,17.540924549102783
P024,capture24/P024.csv.gz,10080001,20160,28.0,100.00000992063492,5.0,0,2016-05-02T04:32:00+00:00,2016-05-02T00:23:00+00:00,2016-05-02T04:32:00+00:00,4.15,2016-05-01T04:32:00+00:00,2016-05-02T04:32:00+00:00,73.05059523809524,17280,0.0,44.48345184326172,21.356107234954834
P025,capture24/P025.csv.gz,9720001,19440,27.0,100.00001028806584,5.0,0,2016-11-09T06:26:00+00:00,2016-11-09T02:26:00+00:00,2016-11-09T06:26:00+00:00,4.0,2016-11-08T06:26:00+00:00,2016-11-09T06:26:00+00:00,73.25102880658436,17280,0.0,36.52872848510742,20.525394916534424
P026,capture24/P026.csv.gz,8820001,17640,24.5,100.00001133786849,5.0,0,2016-10-19T05:53:05+00:00,2016-10-19T02:53:00+00:00,2016-10-19T05:53:05+00:00,3.001388888888889,2016-10-19T02:53:00+00:00,2016-10-20T02:53:00+00:00,68.12358276643991,17280,0.0,34.95771408081055,17.18585228919983
P027,capture24/P027.csv.gz,9360001,18720,26.0,100.00001068376068,5.0,0,2016-10-06T05:07:05+00:00,2016-10-06T00:07:00+00:00,2016-10-06T05:07:05+00:00,5.001388888888889,2016-10-06T00:07:00+00:00,2016-10-07T00:07:00+00:00,67.7190170940171,17280,0.0,37.819026947021484,21.686609268188477
P028,capture24/P028.csv.gz,9720001,19440,27.0,100.00001028806584,5.0,0,2016-08-14T04:14:05+00:00,2016-08-13T23:29:00+00:00,2016-08-14T04:14:05+00:00,4.751388888888889,2016-08-13T23:29:00+00:00,2016-08-14T23:29:00+00:00,51.157407407407405,17280,0.0,29.565914154052734,15.440783739089966
P029,capture24/P029.csv.gz,10080001,20160,28.0,100.00000992063492,5.0,0,2016-05-08T03:02:05+00:00,2016-05-07T23:22:00+00:00,2016-05-08T03:02:05+00:00,3.6680555555555556,2016-05-07T23:22:00+00:00,2016-05-08T23:22:00+00:00,58.8938492063492,17280,0.0,21.260841369628906,21.688979864120483
P030,capture24/P030.csv.gz,9720001,19440,27.0,100.00001028806584,5.0,0,2016-07-30T05:30:05+00:00,2016-07-30T01:00:00+00:00,2016-07-30T05:30:05+00:00,4.501388888888889,2016-07-30T01:00:00+00:00,2016-07-31T01:00:00+00:00,80.11831275720165,17280,0.0,18.13088035583496,23.176110982894897
P031,capture24/P031.csv.gz,9720001,19440,27.0,100.00001028806584,5.0,0,2016-03-30T05:23:05+00:00,2016-03-29T23:53:00+00:00,2016-03-30T05:23:05+00:00,5.501388888888889,2016-03-29T23:53:00+00:00,2016-03-30T23:53:00+00:00,57.03189300411523,17280,0.0,28.682369232177734,18.709651708602905
P032,capture24/P032.csv.gz,9360001,18720,26.0,100.00001068376068,5.0,0,2016-10-26T04:34:05+00:00,2016-10-25T23:54:00+00:00,2016-10-26T04:34:05+00:00,4.668055555555555,2016-10-25T23:54:00+00:00,2016-10-26T23:54:00+00:00,75.57158119658119,17280,0.0,35.50771713256836,18.456291675567627
P033,capture24/P033.csv.gz,9360001,18720,26.0,100.00001068376068,5.0,0,2016-02-02T05:03:05+00:00,2016-02-02T01:13:00+00:00,2016-02-02T05:03:05+00:00,3.834722222222222,2016-02-02T01:13:00+00:00,2016-02-03T01:13:00+00:00,81.42628205128204,17280,0.0,33.531707763671875,22.291913747787476
P034,capture24/P034.csv.gz,9768001,19536,27.133333333333333,100.00001023751024,5.0,0,2016-06-03T04:00:05+00:00,2016-06-02T23:54:00+00:00,2016-06-03T04:00:05+00:00,4.101388888888889,2016-06-02T23:54:00+00:00,2016-06-03T23:54:00+00:00,48.60769860769861,17280,0.0,29.56058120727539,16.229910373687744
P035,capture24/P035.csv.gz,9510001,19020,26.416666666666668,100.00001051524711,5.0,0,2016-04-03T05:32:05+00:00,2016-04-03T00:27:00+00:00,2016-04-03T05:32:05+00:00,5.084722222222222,2016-04-03T00:27:00+00:00,2016-04-04T00:27:00+00:00,71.86119873817034,17280,0.0,42.0209846496582,21.53215503692627
P036,capture24/P036.csv.gz,8366174,16732,23.238888888888887,100.00207984699976,5.0,0,2016-11-25T03:55:58.270000+00:00,2016-11-25T02:25:58.270000+00:00,2016-11-25T03:55:58.270000+00:00,1.5,2016-11-24T04:41:38.270000+00:00,2016-11-25T03:55:58.270000+00:00,64.75615586899355,16732,45.666666666666664,55.472633361816406,17.935043811798096
P037,capture24/P037.csv.gz,9900001,19800,27.5,100.0000101010101,5.0,0,2016-10-30T05:58:05+00:00,2016-10-29T23:28:00+00:00,2016-10-30T05:58:05+00:00,6.501388888888889,2016-10-29T23:28:00+00:00,2016-10-30T23:28:00+00:00,63.38383838383839,17280,0.0,35.38070297241211,18.53763222694397
P038,capture24/P038.csv.gz,9720001,19440,27.0,100.00001028806584,5.0,0,2016-10-31T05:46:05+00:00,2016-10-30T23:56:00+00:00,2016-10-31T05:46:05+00:00,5.834722222222222,2016-10-30T23:56:00+00:00,2016-10-31T23:56:00+00:00,68.11728395061728,17280,0.0,38.80736541748047,21.2984516620636
P039,capture24/P039.csv.gz,9180001,18360,25.5,100.00001089324618,5.0,0,2016-05-25T03:15:05+00:00,2016-05-25T01:45:00+00:00,2016-05-25T03:15:05+00:00,1.5013888888888889,2016-05-25T01:45:00+00:00,2016-05-26T01:45:00+00:00,56.209150326797385,17280,0.0,52.385623931884766,19.48879861831665
P040,capture24/P040.csv.gz,8910001,17820,24.75,100.00001122334456,5.0,0,2016-04-02T05:53:05+00:00,2016-04-02T02:38:00+00:00,2016-04-02T05:53:05+00:00,3.251388888888889,2016-04-02T02:38:00+00:00,2016-04-03T02:38:00+00:00,69.45566778900113,17280,0.0,34.24750900268555,18.695250511169434
P041,capture24/P041.csv.gz,9720001,19440,27.0,100.00001028806584,5.0,0,2016-02-19T05:51:05+00:00,2016-02-19T01:21:00+00:00,2016-02-19T05:51:05+00:00,4.501388888888889,2016-02-19T01:21:00+00:00,2016-02-20T01:21:00+00:00,60.41152263374485,17280,0.0,37.88103103637695,20.32605290412903
P042,capture24/P042.csv.gz,9300001,18600,25.833333333333332,100.00001075268817,5.0,0,2016-10-27T07:47:05+00:00,2016-10-27T02:07:00+00:00,2016-10-27T07:47:05+00:00,5.668055555555555,2016-10-27T02:07:00+00:00,2016-10-28T02:07:00+00:00,67.48924731182797,17280,0.0,26.367874145507812,17.822275638580322
P043,capture24/P043.csv.gz,9282001,18564,25.783333333333335,100.00001077354018,5.0,0,2016-07-10T04:42:05+00:00,2016-07-10T00:25:00+00:00,2016-07-10T04:42:05+00:00,4.284722222222222,2016-07-10T00:25:00+00:00,2016-07-11T00:25:00+00:00,71.92954104718811,17280,0.0,45.71682357788086,20.408671379089355
P044,capture24/P044.csv.gz,9000001,18000,25.0,100.0000111111111,5.0,0,2016-12-16T06:47:05+00:00,2016-12-16T02:57:00+00:00,2016-12-16T06:47:05+00:00,3.834722222222222,2016-12-16T02:57:00+00:00,2016-12-17T02:57:00+00:00,54.288888888888884,17280,0.0,39.0140495300293,16.138465642929077
P045,capture24/P045.csv.gz,8820001,17640,24.5,100.00001133786849,5.0,0,2016-05-12T04:33:05+00:00,2016-05-12T01:43:00+00:00,2016-05-12T04:33:05+00:00,2.834722222222222,2016-05-12T01:43:00+00:00,2016-05-13T01:43:00+00:00,59.410430839002274,17280,0.0,73.82686614990234,18.3356614112854
P046,capture24/P046.csv.gz,9390001,18780,26.083333333333332,100.00001064962726,5.0,0,2016-06-04T04:05:05+00:00,2016-06-04T00:06:00+00:00,2016-06-04T04:05:05+00:00,3.984722222222222,2016-06-04T00:06:00+00:00,2016-06-05T00:06:00+00:00,60.96911608093717,17280,0.0,36.50873947143555,18.707765579223633
P047,capture24/P047.csv.gz,7618186,15236,21.16111111111111,100.00244158571803,5.0,0,2016-10-21T05:15:05+00:00,2016-10-21T02:15:00+00:00,2016-10-21T05:15:05+00:00,3.001388888888889,2016-10-21T02:15:00+00:00,2016-10-21T23:24:40+00:00,80.80204778156997,15236,170.33333333333334,69.31935119628906,18.870991230010986
P048,capture24/P048.csv.gz,9180001,18360,25.5,100.00001089324618,5.0,0,2016-06-23T04:13:05+00:00,2016-06-23T01:28:00+00:00,2016-06-23T04:13:05+00:00,2.751388888888889,2016-06-23T01:28:00+00:00,2016-06-24T01:28:00+00:00,53.50762527233115,17280,0.0,26.16876792907715,18.869601011276245
P049,capture24/P049.csv.gz,9540001,19080,26.5,100.00001048218029,5.0,0,2016-07-21T03:58:05+00:00,2016-07-20T23:38:00+00:00,2016-07-21T03:58:05+00:00,4.334722222222222,2016-07-20T23:38:00+00:00,2016-07-21T23:38:00+00:00,77.58909853249476,17280,0.0,15.495006561279297,20.895804166793823
P050,capture24/P050.csv.gz,8827878,17655,24.520833333333332,100.00428207306712,5.0,0,2016-10-21T05:26:05+00:00,2016-10-21T00:56:00+00:00,2016-10-21T05:26:05+00:00,4.501388888888889,2016-10-21T00:56:00+00:00,2016-10-22T00:56:00+00:00,72.27414330218068,17280,0.0,32.965431213378906,19.600794792175293
P051,capture24/P051.csv.gz,8940001,17880,24.833333333333332,100.00001118568233,5.0,0,2016-08-22T04:42:05+00:00,2016-08-22T01:22:00+00:00,2016-08-22T04:42:05+00:00,3.334722222222222,2016-08-22T01:22:00+00:00,2016-08-23T01:22:00+00:00,64.35123042505593,17280,0.0,17.777456283569336,17.916902542114258
P052,capture24/P052.csv.gz,8820001,17640,24.5,100.00001133786849,5.0,0,2016-05-24T03:36:05+00:00,2016-05-24T01:06:00+00:00,2016-05-24T03:36:05+00:00,2.501388888888889,2016-05-24T01:06:00+00:00,2016-05-25T01:06:00+00:00,56.111111111111114,17280,0.0,43.33824157714844,14.256030321121216
P053,capture24/P053.csv.gz,9540001,19080,26.5,100.00001048218029,5.0,0,2016-06-13T03:08:05+00:00,2016-06-12T23:38:00+00:00,2016-06-13T03:08:05+00:00,3.501388888888889,2016-06-12T23:38:00+00:00,2016-06-13T23:38:00+00:00,82.17505241090147,17280,0.0,22.86720085144043,21.408005952835083
P054,capture24/P054.csv.gz,10680001,21360,29.666666666666668,100.00000936329587,5.0,0,2016-02-09T05:45:00+00:00,2016-02-08T23:48:00+00:00,2016-02-09T05:45:00+00:00,5.95,2016-02-08T05:45:00+00:00,2016-02-09T05:45:00+00:00,83.85299625468164,17280,0.0,42.04087448120117,24.272103548049927
P055,capture24/P055.csv.gz,9060001,18120,25.166666666666668,100.0000110375276,5.0,0,2016-06-09T04:14:05+00:00,2016-06-09T01:03:00+00:00,2016-06-09T04:14:05+00:00,3.1847222222222222,2016-06-09T01:03:00+00:00,2016-06-10T01:03:00+00:00,71.25275938189846,17280,0.0,35.635711669921875,22.803130626678467
P056,capture24/P056.csv.gz,9270001,18540,25.75,100.00001078748652,5.0,0,2016-03-30T03:56:05+00:00,2016-03-30T01:11:00+00:00,2016-03-30T03:56:05+00:00,2.751388888888889,2016-03-30T01:11:00+00:00,2016-03-31T01:11:00+00:00,73.6084142394822,17280,0.0,45.42533874511719,22.633385181427002
P057,capture24/P057.csv.gz,9450001,18900,26.25,100.00001058201059,5.0,0,2016-05-06T04:24:05+00:00,2016-05-06T00:59:00+00:00,2016-05-06T04:24:05+00:00,3.4180555555555556,2016-05-06T00:59:00+00:00,2016-05-07T00:59:00+00:00,62.61904761904762,17280,0.0,34.705806732177734,21.81355094909668
P058,capture24/P058.csv.gz,9540001,19080,26.5,100.00001048218029,5.0,0,2016-06-16T05:42:05+00:00,2016-06-15T23:42:00+00:00,2016-06-16T05:42:05+00:00,6.001388888888889,2016-06-15T23:42:00+00:00,2016-06-16T23:42:00+00:00,67.56813417190776,17280,0.0,31.300071716308594,18.65523624420166
P059,capture24/P059.csv.gz,9126441,18252,25.35,100.00483234714004,5.0,0,2016-11-06T04:36:00+00:00,2016-11-05T23:15:00+00:00,2016-11-06T04:36:00+00:00,5.35,2016-11-05T04:36:00+00:00,2016-11-06T04:36:00+00:00,63.71904448827526,17280,0.0,44.04670333862305,19.629695415496826
P060,capture24/P060.csv.gz,9144258,18288,27.727497222222222,91.6084003655016,8383.990000128,1,2016-02-12T05:41:05+00:00,2016-02-11T22:41:00+00:00,2016-02-12T05:41:05+00:00,7.001388888888889,2016-02-11T22:41:00+00:00,2016-02-12T22:41:00+00:00,55.35870516185477,17280,0.0,35.07897186279297,15.634643316268921
P061,capture24/P061.csv.gz,9540001,19080,26.5,100.00001048218029,5.0,0,2016-10-25T04:36:05+00:00,2016-10-25T00:16:00+00:00,2016-10-25T04:36:05+00:00,4.334722222222222,2016-10-25T00:16:00+00:00,2016-10-26T00:16:00+00:00,62.63102725366876,17280,0.0,42.89490509033203,18.037466526031494
P062,capture24/P062.csv.gz,8880001,17760,24.666666666666668,100.00001126126126,5.0,0,2016-06-03T04:47:05+00:00,2016-06-03T01:47:00+00:00,2016-06-03T04:47:05+00:00,3.001388888888889,2016-06-03T01:47:00+00:00,2016-06-04T01:47:00+00:00,70.16891891891892,17280,0.0,26.28022003173828,20.438220262527466
P063,capture24/P063.csv.gz,9180001,18360,25.5,100.00001089324618,5.0,0,2016-02-28T05:53:05+00:00,2016-02-28T02:13:00+00:00,2016-02-28T05:53:05+00:00,3.6680555555555556,2016-02-28T02:13:00+00:00,2016-02-29T02:13:00+00:00,59.150326797385624,17280,0.0,31.9329833984375,17.4483802318573
P064,capture24/P064.csv.gz,9540001,19080,26.5,100.00001048218029,5.0,0,2016-06-10T05:29:05+00:00,2016-06-09T23:59:00+00:00,2016-06-10T05:29:05+00:00,5.501388888888889,2016-06-09T23:59:00+00:00,2016-06-10T23:59:00+00:00,68.41719077568135,17280,0.0,14.335794448852539,20.172828674316406
P065,capture24/P065.csv.gz,8820001,17640,24.5,100.00001133786849,5.0,0,2016-06-07T02:04:00+00:00,2016-06-06T22:14:00+00:00,2016-06-07T02:04:00+00:00,3.8333333333333335,2016-06-06T02:04:00+00:00,2016-06-07T02:04:00+00:00,70.20408163265306,17280,0.0,36.555702209472656,21.0339937210083
P066,capture24/P066.csv.gz,9900001,19800,27.5,100.0000101010101,5.0,0,2016-11-17T05:11:05+00:00,2016-11-16T23:51:00+00:00,2016-11-17T05:11:05+00:00,5.334722222222222,2016-11-16T23:51:00+00:00,2016-11-17T23:51:00+00:00,80.25757575757576,17280,0.0,43.430747985839844,21.826573133468628
P067,capture24/P067.csv.gz,9540001,19080,26.5,100.00001048218029,5.0,0,2016-03-29T03:02:05+00:00,2016-03-28T23:02:00+00:00,2016-03-29T03:02:05+00:00,4.001388888888889,2016-03-28T23:02:00+00:00,2016-03-29T23:02:00+00:00,63.957023060796644,17280,0.0,26.01931381225586,17.920084238052368
P068,capture24/P068.csv.gz,8820001,17640,24.5,100.00001133786849,5.0,0,2016-07-26T05:28:05+00:00,2016-07-26T01:28:00+00:00,2016-07-26T05:28:05+00:00,4.001388888888889,2016-07-26T01:28:00+00:00,2016-07-27T01:28:00+00:00,76.62698412698413,17280,0.0,39.44294738769531,19.88080072402954
P069,capture24/P069.csv.gz,9720001,19440,27.0,100.00001028806584,5.0,0,2016-05-09T01:56:00+00:00,2016-05-08T22:26:00+00:00,2016-05-09T01:56:00+00:00,3.5,2016-05-08T01:56:00+00:00,2016-05-09T01:56:00+00:00,56.028806584362144,17280,0.0,43.010284423828125,18.314525604248047
P070,capture24/P070.csv.gz,9540001,19080,26.5,100.00001048218029,5.0,0,2016-09-22T01:50:00+00:00,2016-09-21T20:50:00+00:00,2016-09-22T01:50:00+00:00,5.0,2016-09-21T01:50:00+00:00,2016-09-22T01:50:00+00:00,70.73375262054508,17280,0.0,39.538368225097656,17.934962034225464
P071,capture24/P071.csv.gz,9900001,19800,27.5,100.0000101010101,5.0,0,2016-07-21T04:05:05+00:00,2016-07-20T23:25:00+00:00,2016-07-21T04:05:05+00:00,4.668055555555555,2016-07-20T23:25:00+00:00,2016-07-21T23:25:00+00:00,49.85353535353536,17280,0.0,24.329404830932617,17.213318824768066
P072,capture24/P072.csv.gz,9630001,19260,26.75,100.000010384216,5.0,0,2016-05-30T06:11:05+00:00,2016-05-29T23:26:00+00:00,2016-05-30T06:11:05+00:00,6.751388888888889,2016-05-29T23:26:00+00:00,2016-05-30T23:26:00+00:00,70.75804776739356,17280,0.0,25.20547866821289,20.107465744018555
P073,capture24/P073.csv.gz,9900001,19800,27.5,100.0000101010101,5.0,0,2016-05-22T02:09:00+00:00,2016-05-21T21:19:00+00:00,2016-05-22T02:09:00+00:00,4.833333333333333,2016-05-21T02:09:00+00:00,2016-05-22T02:09:00+00:00,76.23232323232322,17280,0.0,43.92613220214844,20.203959226608276
P074,capture24/P074.csv.gz,10620001,21240,29.5,100.00000941619585,5.0,0,2016-11-18T07:46:00+00:00,2016-11-18T00:56:00+00:00,2016-11-18T07:46:00+00:00,6.833333333333333,2016-11-17T07:46:00+00:00,2016-11-18T07:46:00+00:00,53.04143126177024,17280,0.0,25.5030517578125,16.49657654762268
P075,capture24/P075.csv.gz,9360001,18720,26.0,100.00001068376068,5.0,0,2016-10-12T07:19:05+00:00,2016-10-12T01:19:00+00:00,2016-10-12T07:19:05+00:00,6.001388888888889,2016-10-12T01:19:00+00:00,2016-10-13T01:19:00+00:00,50.94017094017094,17280,0.0,41.032039642333984,16.059395790100098
P076,capture24/P076.csv.gz,9780001,19560,27.166666666666668,100.00001022494888,5.0,0,2016-05-22T05:36:05+00:00,2016-05-22T00:26:00+00:00,2016-05-22T05:36:05+00:00,5.168055555555555,2016-05-22T00:26:00+00:00,2016-05-23T00:26:00+00:00,76.21676891615542,17280,0.0,54.20901870727539,21.203619718551636
P077,capture24/P077.csv.gz,8055045,16110,23.955427777777775,93.40315358824967,5694.54,1,2016-07-01T03:08:05+00:00,2016-07-01T00:04:00+00:00,2016-07-01T03:08:05+00:00,3.0680555555555555,2016-07-01T00:04:00+00:00,2016-07-02T00:01:19.540000+00:00,60.72004965859714,16110,97.5,37.484344482421875,16.33402371406555
P078,capture24/P078.csv.gz,9540001,19080,26.5,100.00001048218029,5.0,0,2016-11-09T05:14:05+00:00,2016-11-09T00:14:00+00:00,2016-11-09T05:14:05+00:00,5.001388888888889,2016-11-09T00:14:00+00:00,2016-11-10T00:14:00+00:00,79.5335429769392,17280,0.0,25.311098098754883,21.21672534942627
P079,capture24/P079.csv.gz,8820001,17640,24.5,100.00001133786849,5.0,0,2016-04-23T04:11:05+00:00,2016-04-23T01:21:00+00:00,2016-04-23T04:11:05+00:00,2.834722222222222,2016-04-23T01:21:00+00:00,2016-04-24T01:21:00+00:00,61.75736961451247,17280,0.0,32.55165481567383,15.7833833694458
P080,capture24/P080.csv.gz,11160001,22320,31.0,100.00000896057348,5.0,0,2016-03-16T09:51:00+00:00,2016-03-16T05:51:00+00:00,2016-03-16T09:51:00+00:00,4.0,2016-03-15T09:51:00+00:00,2016-03-16T09:51:00+00:00,69.37724014336918,17280,0.0,65.94703674316406,26.69666862487793
P081,capture24/P081.csv.gz,4714601,9429,13.095833333333333,100.00214232686393,5.0,0,2016-07-04T04:21:05+00:00,2016-07-03T23:41:00+00:00,2016-07-04T04:21:05+00:00,4.668055555555555,2016-07-03T23:41:00+00:00,2016-07-04T12:46:45+00:00,74.73751193127585,9429,654.25,15.563075065612793,10.807094097137451
P082,capture24/P082.csv.gz,8820001,17640,24.5,100.00001133786849,5.0,0,2016-06-24T04:38:05+00:00,2016-06-24T01:28:00+00:00,2016-06-24T04:38:05+00:00,3.1680555555555556,2016-06-24T01:28:00+00:00,2016-06-25T01:28:00+00:00,65.84467120181405,17280,0.0,34.394195556640625,18.324661254882812
P083,capture24/P083.csv.gz,9180001,18360,25.5,100.00001089324618,5.0,0,2016-05-24T05:00:05+00:00,2016-05-24T02:25:00+00:00,2016-05-24T05:00:05+00:00,2.584722222222222,2016-05-24T02:25:00+00:00,2016-05-25T02:25:00+00:00,62.71786492374728,17280,0.0,50.238128662109375,18.39271378517151
P084,capture24/P084.csv.gz,10074001,20148,27.983333333333334,100.00000992654358,5.0,0,2016-05-14T03:39:05+00:00,2016-05-13T21:40:00+00:00,2016-05-14T03:39:05+00:00,5.9847222222222225,2016-05-13T21:40:00+00:00,2016-05-14T21:40:00+00:00,67.8082191780822,17280,0.0,25.396320343017578,19.818862915039062
P085,capture24/P085.csv.gz,9060001,18120,25.166666666666668,100.0000110375276,5.0,0,2016-03-22T05:03:05+00:00,2016-03-22T01:53:00+00:00,2016-03-22T05:03:05+00:00,3.1680555555555556,2016-03-22T01:53:00+00:00,2016-03-23T01:53:00+00:00,70.09933774834437,17280,0.0,37.62662124633789,20.87098717689514
P086,capture24/P086.csv.gz,9360001,18720,26.0,100.00001068376068,5.0,0,2016-02-14T06:10:05+00:00,2016-02-14T00:30:00+00:00,2016-02-14T06:10:05+00:00,5.668055555555555,2016-02-14T00:30:00+00:00,2016-02-15T00:30:00+00:00,70.2991452991453,17280,0.0,29.6175537109375,20.258944749832153
P087,capture24/P087.csv.gz,7980001,15960,22.166666666666668,100.00001253132832,5.0,0,2016-07-19T08:08:05+00:00,2016-07-19T03:48:00+00:00,2016-07-19T08:08:05+00:00,4.334722222222222,2016-07-19T03:48:00+00:00,2016-07-20T01:58:00+00:00,74.58646616541354,15960,110.0,39.592376708984375,18.205734491348267
P088,capture24/P088.csv.gz,10080001,20160,28.0,100.00000992063492,5.0,0,2016-01-27T04:58:05+00:00,2016-01-27T00:43:00+00:00,2016-01-27T04:58:05+00:00,4.251388888888889,2016-01-27T00:43:00+00:00,2016-01-28T00:43:00+00:00,42.33134920634921,17280,0.0,32.18440246582031,16.636303663253784
P089,capture24/P089.csv.gz,8640001,17280,24.0,100.00001157407408,5.0,0,2016-09-26T01:39:00+00:00,2016-09-25T22:49:00+00:00,2016-09-26T01:39:00+00:00,2.8333333333333335,2016-09-25T01:39:00+00:00,2016-09-26T01:39:00+00:00,74.79166666666667,17280,0.0,36.45001220703125,21.27883505821228
P090,capture24/P090.csv.gz,9180001,18360,25.5,100.00001089324618,5.0,0,2016-05-10T03:05:05+00:00,2016-05-10T01:35:00+00:00,2016-05-10T03:05:05+00:00,1.5013888888888889,2016-05-10T01:35:00+00:00,2016-05-11T01:35:00+00:00,72.859477124183,17280,0.0,54.94792938232422,21.055745601654053
P091,capture24/P091.csv.gz,9660001,19320,26.833333333333332,100.00001035196688,5.0,0,2016-05-25T05:00:05+00:00,2016-05-24T23:00:00+00:00,2016-05-25T05:00:05+00:00,6.001388888888889,2016-05-24T23:00:00+00:00,2016-05-25T23:00:00+00:00,70.67805383022774,17280,0.0,25.996543884277344,18.56065583229065
P092,capture24/P092.csv.gz,9180001,18360,25.5,100.00001089324618,5.0,0,2016-02-04T05:34:05+00:00,2016-02-04T02:24:00+00:00,2016-02-04T05:34:05+00:00,3.1680555555555556,2016-02-04T02:24:00+00:00,2016-02-05T02:24:00+00:00,66.88453159041394,17280,0.0,26.55785369873047,19.59624218940735
P093,capture24/P093.csv.gz,9360001,18720,26.0,100.00001068376068,5.0,0,2016-05-06T05:27:05+00:00,2016-05-06T00:07:00+00:00,2016-05-06T05:27:05+00:00,5.334722222222222,2016-05-06T00:07:00+00:00,2016-05-07T00:07:00+00:00,80.96688034188034,17280,0.0,27.2315731048584,21.029410362243652
P094,capture24/P094.csv.gz,5773541,11547,18.542844444444444,86.48950238966094,9024.24,1,2016-09-28T00:48:17.550000+00:00,2016-09-27T22:17:53.310000+00:00,2016-09-28T00:48:17.550000+00:00,0.001388888888888889,2016-09-27T06:15:53.310000+00:00,2016-09-28T00:48:27.550000+00:00,38.13977656534165,11547,477.75,62.035369873046875,10.626569986343384
P095,capture24/P095.csv.gz,9360001,18720,26.0,100.00001068376068,5.0,0,2016-07-15T04:52:05+00:00,2016-07-15T00:22:00+00:00,2016-07-15T04:52:05+00:00,4.501388888888889,2016-07-15T00:22:00+00:00,2016-07-16T00:22:00+00:00,41.40491452991453,17280,0.0,40.29091262817383,14.87891411781311
P096,capture24/P096.csv.gz,8820001,17640,24.5,100.00001133786849,5.0,0,2016-04-10T01:59:00+00:00,2016-04-09T22:49:00+00:00,2016-04-10T01:59:00+00:00,3.1666666666666665,2016-04-09T01:59:00+00:00,2016-04-10T01:59:00+00:00,80.55555555555556,17280,0.0,31.31502914428711,21.089428901672363
P097,capture24/P097.csv.gz,10180494,20360,32.148630555555556,87.96377796289404,13940.070000128,1,2016-06-18T06:27:05+00:00,2016-06-17T22:48:00+00:00,2016-06-18T06:27:05+00:00,7.651388888888889,2016-06-17T22:48:00+00:00,2016-06-18T22:48:00+00:00,71.237721021611,17280,0.0,21.525819778442383,19.954134941101074
P098,capture24/P098.csv.gz,10530001,21060,29.25,100.00000949667616,5.0,0,2016-04-23T04:52:05+00:00,2016-04-22T22:07:00+00:00,2016-04-23T04:52:05+00:00,6.751388888888889,2016-04-22T22:07:00+00:00,2016-04-23T22:07:00+00:00,72.34567901234567,17280,0.0,38.99431228637695,21.752573251724243
P099,capture24/P099.csv.gz,9000001,18000,25.0,100.0000111111111,5.0,0,2016-06-22T04:33:05+00:00,2016-06-22T01:43:00+00:00,2016-06-22T04:33:05+00:00,2.834722222222222,2016-06-22T01:43:00+00:00,2016-06-23T01:43:00+00:00,68.98333333333333,17280,0.0,42.46630096435547,20.29272174835205
P100,capture24/P100.csv.gz,10440001,20880,29.0,100.00000957854407,5.0,0,2016-05-31T02:14:00+00:00,2016-05-30T21:04:00+00:00,2016-05-31T02:14:00+00:00,5.166666666666667,2016-05-30T02:14:00+00:00,2016-05-31T02:14:00+00:00,78.51053639846744,17280,0.0,80.65679931640625,22.282999277114868
P101,capture24/P101.csv.gz,9624001,19248,26.733333333333334,100.00001039068994,5.0,0,2016-04-27T04:46:00+00:00,2016-04-27T00:22:00+00:00,2016-04-27T04:46:00+00:00,4.4,2016-04-26T04:46:00+00:00,2016-04-27T04:46:00+00:00,73.19201995012469,17280,0.0,51.28281021118164,21.872172594070435
P102,capture24/P102.csv.gz,9000001,18000,25.0,100.0000111111111,5.0,0,2016-11-30T02:33:00+00:00,2016-11-29T23:03:00+00:00,2016-11-30T02:33:00+00:00,3.5,2016-11-29T02:33:00+00:00,2016-11-30T02:33:00+00:00,55.294444444444444,17280,0.0,28.445764541625977,17.707690238952637
P103,capture24/P103.csv.gz,8820001,17640,24.5,100.00001133786849,5.0,0,2016-01-24T03:04:00+00:00,2016-01-23T23:34:00+00:00,2016-01-24T03:04:00+00:00,3.5,2016-01-23T03:04:00+00:00,2016-01-24T03:04:00+00:00,77.17120181405896,17280,0.0,20.89699935913086,20.118012189865112
P104,capture24/P104.csv.gz,9540001,19080,26.5,100.00001048218029,5.0,0,2016-04-04T05:07:05+00:00,2016-04-04T00:07:00+00:00,2016-04-04T05:07:05+00:00,5.001388888888889,2016-04-04T00:07:00+00:00,2016-04-05T00:07:00+00:00,67.13312368972746,17280,0.0,27.67312240600586,19.46534490585327
P105,capture24/P105.csv.gz,9048001,18096,25.133333333333333,100.00001105216623,5.0,0,2016-06-21T05:38:05+00:00,2016-06-21T01:43:00+00:00,2016-06-21T05:38:05+00:00,3.9180555555555556,2016-06-21T01:43:00+00:00,2016-06-22T01:43:00+00:00,64.67175066312998,17280,0.0,31.85504150390625,18.13233184814453
P106,capture24/P106.csv.gz,9660001,19320,26.833333333333332,100.00001035196688,5.0,0,2016-05-02T05:48:05+00:00,2016-05-01T23:58:00+00:00,2016-05-02T05:48:05+00:00,5.834722222222222,2016-05-01T23:58:00+00:00,2016-05-02T23:58:00+00:00,45.84886128364389,17280,0.0,34.73954772949219,15.70283317565918
P107,capture24/P107.csv.gz,8820001,17640,24.5,100.00001133786849,5.0,0,2016-03-20T04:57:05+00:00,2016-03-20T01:57:00+00:00,2016-03-20T04:57:05+00:00,3.001388888888889,2016-03-20T01:57:00+00:00,2016-03-21T01:57:00+00:00,66.87074829931973,17280,0.0,37.901615142822266,18.381508827209473
P108,capture24/P108.csv.gz,10140001,20280,28.166666666666668,100.00000986193294,5.0,0,2016-06-17T02:48:05+00:00,2016-06-16T23:38:00+00:00,2016-06-17T02:48:05+00:00,3.1680555555555556,2016-06-16T23:38:00+00:00,2016-06-17T23:38:00+00:00,59.171597633136095,17280,0.0,40.582332611083984,22.49423909187317
P109,capture24/P109.csv.gz,8820001,17640,24.5,100.00001133786849,5.0,0,2016-10-10T08:31:05+00:00,2016-10-10T03:51:00+00:00,2016-10-10T08:31:05+00:00,4.668055555555555,2016-10-10T03:51:00+00:00,2016-10-11T03:51:00+00:00,73.74716553287982,17280,0.0,28.99335479736328,20.531293869018555
P110,capture24/P110.csv.gz,9270001,18540,25.75,100.00001078748652,5.0,0,2016-06-26T05:59:05+00:00,2016-06-26T00:44:00+00:00,2016-06-26T05:59:05+00:00,5.251388888888889,2016-06-26T00:44:00+00:00,2016-06-27T00:44:00+00:00,78.44660194174757,17280,0.0,22.599315643310547,21.029726028442383
P111,capture24/P111.csv.gz,9900001,19800,27.5,100.0000101010101,5.0,0,2016-04-05T03:16:05+00:00,2016-04-04T23:16:00+00:00,2016-04-05T03:16:05+00:00,4.001388888888889,2016-04-04T23:16:00+00:00,2016-04-05T23:16:00+00:00,78.68181818181819,17280,0.0,25.737533569335938,21.64080309867859
P112,capture24/P112.csv.gz,9720001,19440,27.0,100.00001028806584,5.0,0,2016-04-08T05:05:05+00:00,2016-04-08T02:05:00+00:00,2016-04-08T05:05:05+00:00,3.001388888888889,2016-04-08T02:05:00+00:00,2016-04-09T02:05:00+00:00,31.970164609053498,17280,0.0,20.977798461914062,13.72386622428894
P113,capture24/P113.csv.gz,9960001,19920,27.666666666666668,100.00001004016065,5.0,0,2016-07-28T04:35:05+00:00,2016-07-27T22:55:00+00:00,2016-07-28T04:35:05+00:00,5.668055555555555,2016-07-27T22:55:00+00:00,2016-07-28T22:55:00+00:00,70.60742971887551,17280,0.0,45.99949264526367,21.38909935951233
P114,capture24/P114.csv.gz,9480001,18960,26.333333333333332,100.0000105485232,5.0,0,2016-03-07T05:25:05+00:00,2016-03-07T00:45:00+00:00,2016-03-07T05:25:05+00:00,4.668055555555555,2016-03-07T00:45:00+00:00,2016-03-08T00:45:00+00:00,74.4620253164557,17280,0.0,63.4601936340332,20.723192930221558
P115,capture24/P115.csv.gz,9720001,19440,27.0,100.00001028806584,5.0,0,2016-11-02T03:14:05+00:00,2016-11-01T22:34:00+00:00,2016-11-02T03:14:05+00:00,4.668055555555555,2016-11-01T22:34:00+00:00,2016-11-02T22:34:00+00:00,59.1820987654321,17280,0.0,44.30355453491211,16.901522159576416
P116,capture24/P116.csv.gz,9000001,18000,25.0,100.0000111111111,5.0,0,2016-06-02T04:19:05+00:00,2016-06-02T00:49:00+00:00,2016-06-02T04:19:05+00:00,3.501388888888889,2016-06-02T00:49:00+00:00,2016-06-03T00:49:00+00:00,68.73333333333333,17280,0.0,37.90606689453125,19.128976106643677
P117,capture24/P117.csv.gz,9090001,18180,25.25,100.0000110011001,5.0,0,2016-04-28T05:43:05+00:00,2016-04-28T02:08:00+00:00,2016-04-28T05:43:05+00:00,3.584722222222222,2016-04-28T02:08:00+00:00,2016-04-29T02:08:00+00:00,56.61166116611661,17280,0.0,36.291622161865234,17.26817512512207
P118,capture24/P118.csv.gz,9300001,18600,25.833333333333332,100.00001075268817,5.0,0,2016-03-02T04:30:05+00:00,2016-03-02T01:20:00+00:00,2016-03-02T04:30:05+00:00,3.1680555555555556,2016-03-02T01:20:00+00:00,2016-03-03T01:20:00+00:00,41.612903225806456,17280,0.0,28.699954986572266,15.949308633804321
P119,capture24/P119.csv.gz,9720001,19440,27.0,100.00001028806584,5.0,0,2016-06-22T02:24:05+00:00,2016-06-21T23:38:00+00:00,2016-06-22T02:24:05+00:00,2.7680555555555557,2016-06-21T23:38:00+00:00,2016-06-22T23:38:00+00:00,63.27160493827161,17280,0.0,44.11430740356445,21.2890043258667
P120,capture24/P120.csv.gz,9180001,18360,25.5,100.00001089324618,5.0,0,2016-04-02T02:48:05+00:00,2016-04-02T01:18:00+00:00,2016-04-02T02:48:05+00:00,1.5013888888888889,2016-04-02T01:18:00+00:00,2016-04-03T01:18:00+00:00,55.2995642701525,17280,0.0,44.087059020996094,18.19735884666443
P121,capture24/P121.csv.gz,10080001,20160,28.0,100.00000992063492,5.0,0,2016-08-01T05:34:00+00:00,2016-08-01T01:04:00+00:00,2016-08-01T05:34:00+00:00,4.5,2016-07-31T05:34:00+00:00,2016-08-01T05:34:00+00:00,77.88690476190476,17280,0.0,42.952274322509766,22.93013596534729
P122,capture24/P122.csv.gz,7513166,15026,20.869444444444444,100.00220950352723,5.0,0,2016-11-29T05:49:05+00:00,2016-11-29T02:49:00+00:00,2016-11-29T05:49:05+00:00,3.001388888888889,2016-11-29T02:49:00+00:00,2016-11-29T23:41:10+00:00,57.77984826301078,15026,187.83333333333334,31.218524932861328,15.399898529052734
P123,capture24/P123.csv.gz,7740001,15480,21.5,100.00001291989665,5.0,0,2016-10-15T02:10:00+00:00,2016-10-14T23:10:00+00:00,2016-10-15T02:10:00+00:00,3.0,2016-10-14T04:40:00+00:00,2016-10-15T02:10:00+00:00,69.12144702842377,15480,150.0,30.344383239746094,14.882733345031738
P124,capture24/P124.csv.gz,7808733,15617,21.690277777777776,100.00298392777101,5.0,0,2016-10-11T05:37:05+00:00,2016-10-11T00:27:00+00:00,2016-10-11T05:37:05+00:00,5.168055555555555,2016-10-11T00:27:00+00:00,2016-10-11T22:08:25+00:00,80.84139079208555,15617,138.58333333333334,57.23978805541992,20.894320964813232
P125,capture24/P125.csv.gz,10296001,20592,28.6,100.00000971250971,5.0,0,2016-05-01T04:16:00+00:00,2016-04-30T23:51:00+00:00,2016-05-01T04:16:00+00:00,4.416666666666667,2016-04-30T04:16:00+00:00,2016-05-01T04:16:00+00:00,76.65598290598291,17280,0.0,26.6955509185791,22.77074933052063
P126,capture24/P126.csv.gz,8820001,17640,24.5,100.00001133786849,5.0,0,2016-12-01T02:49:00+00:00,2016-11-30T23:39:00+00:00,2016-12-01T02:49:00+00:00,3.1666666666666665,2016-11-30T02:49:00+00:00,2016-12-01T02:49:00+00:00,72.78344671201815,17280,0.0,33.73124313354492,19.836978673934937
P127,capture24/P127.csv.gz,7405784,14811,20.570833333333333,100.00383498750928,5.0,0,2016-11-11T05:16:05+00:00,2016-11-11T01:46:00+00:00,2016-11-11T05:16:05+00:00,3.501388888888889,2016-11-11T01:46:00+00:00,2016-11-11T22:20:15+00:00,73.73573695226521,14811,205.75,34.795982360839844,17.005927324295044
P128,capture24/P128.csv.gz,9510001,19020,26.416666666666668,100.00001051524711,5.0,0,2016-05-05T03:28:05+00:00,2016-05-04T23:23:00+00:00,2016-05-05T03:28:05+00:00,4.084722222222222,2016-05-04T23:23:00+00:00,2016-05-05T23:23:00+00:00,81.46161934805468,17280,0.0,39.63578414916992,23.114036798477173
P129,capture24/P129.csv.gz,9000556,18001,25.00138888888889,100.00062218765625,5.0,0,2016-10-28T05:27:05+00:00,2016-10-28T00:57:00+00:00,2016-10-28T05:27:05+00:00,4.501388888888889,2016-10-28T00:57:00+00:00,2016-10-29T00:57:00+00:00,68.51841564357535,17280,0.0,66.38771057128906,19.071624040603638
P130,capture24/P130.csv.gz,9540001,19080,26.5,100.00001048218029,5.0,0,2016-12-09T05:02:05+00:00,2016-12-09T00:12:00+00:00,2016-12-09T05:02:05+00:00,4.834722222222222,2016-12-09T00:12:00+00:00,2016-12-10T00:12:00+00:00,75.01572327044025,17280,0.0,34.31633377075195,22.510205268859863
P131,capture24/P131.csv.gz,10242001,20484,28.45,100.00000976371803,5.0,0,2016-05-08T04:06:05+00:00,2016-05-07T22:56:00+00:00,2016-05-08T04:06:05+00:00,5.168055555555555,2016-05-07T22:56:00+00:00,2016-05-08T22:56:00+00:00,63.90353446592463,17280,0.0,60.534603118896484,19.211188554763794
P132,capture24/P132.csv.gz,9390001,18780,26.083333333333332,100.00001064962726,5.0,0,2016-04-24T03:59:05+00:00,2016-04-24T00:04:00+00:00,2016-04-24T03:59:05+00:00,3.9180555555555556,2016-04-24T00:04:00+00:00,2016-04-25T00:04:00+00:00,62.24707135250266,17280,0.0,31.198781967163086,17.964131832122803
P133,capture24/P133.csv.gz,10500001,21000,29.166666666666668,100.00000952380952,5.0,0,2016-12-20T04:51:00+00:00,2016-12-19T22:36:00+00:00,2016-12-20T04:51:00+00:00,6.25,2016-12-19T04:51:00+00:00,2016-12-20T04:51:00+00:00,82.6952380952381,17280,0.0,43.03090286254883,25.571824550628662
P134,capture24/P134.csv.gz,9480001,18960,26.333333333333332,100.0000105485232,5.0,0,2016-02-26T06:06:05+00:00,2016-02-26T00:16:00+00:00,2016-02-26T06:06:05+00:00,5.834722222222222,2016-02-26T00:16:00+00:00,2016-02-27T00:16:00+00:00,52.220464135021096,17280,0.0,41.17720031738281,15.846423149108887
P135,capture24/P135.csv.gz,9690001,19380,26.916666666666668,100.00001031991744,5.0,0,2016-12-02T04:47:05+00:00,2016-12-02T01:57:00+00:00,2016-12-02T04:47:05+00:00,2.834722222222222,2016-12-02T01:57:00+00:00,2016-12-03T01:57:00+00:00,56.3828689370485,17280,0.0,52.94219207763672,17.565919876098633
P136,capture24/P136.csv.gz,6139783,12279,17.054166666666667,100.0046094958873,5.0,0,2016-10-17T06:53:05+00:00,2016-10-17T03:53:00+00:00,2016-10-17T06:53:05+00:00,3.001388888888889,2016-10-17T03:53:00+00:00,2016-10-17T20:56:15+00:00,73.03526345793631,12279,416.75,21.558738708496094,15.817357063293457
P137,capture24/P137.csv.gz,9480001,18960,26.333333333333332,100.0000105485232,5.0,0,2016-04-02T04:08:05+00:00,2016-04-01T23:48:00+00:00,2016-04-02T04:08:05+00:00,4.334722222222222,2016-04-01T23:48:00+00:00,2016-04-02T23:48:00+00:00,58.90295358649789,17280,0.0,29.307619094848633,16.31876230239868
P138,capture24/P138.csv.gz,9270001,18540,25.75,100.00001078748652,5.0,0,2016-04-24T01:51:00+00:00,2016-04-23T23:21:00+00:00,2016-04-24T01:51:00+00:00,2.5,2016-04-23T01:51:00+00:00,2016-04-24T01:51:00+00:00,55.55016181229774,17280,0.0,29.325794219970703,19.766844272613525
P139,capture24/P139.csv.gz,7551894,15103,20.976388888888888,100.00521750645566,5.0,0,2016-04-27T08:19:05+00:00,2016-04-27T06:04:00+00:00,2016-04-27T08:19:05+00:00,2.251388888888889,2016-04-27T06:04:00+00:00,2016-04-28T03:02:35+00:00,63.338409587499164,15103,181.41666666666666,30.668954849243164,15.551568984985352
P140,capture24/P140.csv.gz,7667055,15334,21.29722222222222,100.00071736011478,5.0,0,2016-02-19T03:20:59.460000+00:00,2016-02-19T00:50:59.460000+00:00,2016-02-19T03:20:59.460000+00:00,2.5,2016-02-18T06:03:09.460000+00:00,2016-02-19T03:20:59.460000+00:00,73.89461327768358,15334,162.16666666666666,34.81906509399414,18.483086585998535
P141,capture24/P141.csv.gz,9900001,19800,27.5,100.0000101010101,5.0,0,2016-02-06T06:13:05+00:00,2016-02-06T00:58:00+00:00,2016-02-06T06:13:05+00:00,5.251388888888889,2016-02-06T00:58:00+00:00,2016-02-07T00:58:00+00:00,52.35858585858586,17280,0.0,44.48763656616211,17.89433526992798
P142,capture24/P142.csv.gz,5959687,11919,18.472369444444443,89.61863912964303,6910.529999872,1,2016-10-24T07:18:05+00:00,2016-10-24T05:48:00+00:00,2016-10-24T07:18:05+00:00,1.5013888888888889,2016-10-24T05:48:00+00:00,2016-10-25T00:16:20.530000+00:00,66.36462790502559,11919,446.75,16.888072967529297,15.088668823242188
P143,capture24/P143.csv.gz,9180001,18360,25.5,100.00001089324618,5.0,0,2016-04-20T04:15:05+00:00,2016-04-20T01:55:00+00:00,2016-04-20T04:15:05+00:00,2.334722222222222,2016-04-20T01:55:00+00:00,2016-04-21T01:55:00+00:00,47.489106753812635,17280,0.0,34.486263275146484,16.30888319015503
P144,capture24/P144.csv.gz,8820001,17640,24.5,100.00001133786849,5.0,0,2016-05-14T02:17:00+00:00,2016-05-13T23:37:00+00:00,2016-05-14T02:17:00+00:00,2.6666666666666665,2016-05-13T02:17:00+00:00,2016-05-14T02:17:00+00:00,57.63605442176871,17280,0.0,25.933712005615234,17.165783882141113
P145,capture24/P145.csv.gz,9810001,19620,27.25,100.00001019367991,5.0,0,2016-06-02T08:10:05+00:00,2016-06-02T00:15:00+00:00,2016-06-02T08:10:05+00:00,7.918055555555555,2016-06-02T00:15:00+00:00,2016-06-03T00:15:00+00:00,73.44036697247707,17280,0.0,64.04045104980469,20.36264419555664
P146,capture24/P146.csv.gz,9450001,18900,26.25,100.00001058201059,5.0,0,2016-03-20T04:46:05+00:00,2016-03-19T23:16:00+00:00,2016-03-20T04:46:05+00:00,5.501388888888889,2016-03-19T23:16:00+00:00,2016-03-20T23:16:00+00:00,80.82010582010582,17280,0.0,36.90635681152344,21.366313219070435
P147,capture24/P147.csv.gz,9720001,19440,27.0,100.00001028806584,5.0,0,2016-04-11T03:34:05+00:00,2016-04-10T22:54:00+00:00,2016-04-11T03:34:05+00:00,4.668055555555555,2016-04-10T22:54:00+00:00,2016-04-11T22:54:00+00:00,71.94958847736626,17280,0.0,56.94332504272461,20.57438635826111
P148,capture24/P148.csv.gz,9510001,19020,26.416666666666668,100.00001051524711,5.0,0,2016-03-10T04:33:05+00:00,2016-03-09T23:38:00+00:00,2016-03-10T04:33:05+00:00,4.918055555555555,2016-03-09T23:38:00+00:00,2016-03-10T23:38:00+00:00,65.55730809674027,17280,0.0,35.35426712036133,17.56839680671692
P149,capture24/P149.csv.gz,9060001,18120,25.166666666666668,100.0000110375276,5.0,0,2016-05-05T04:35:05+00:00,2016-05-05T00:55:00+00:00,2016-05-05T04:35:05+00:00,3.6680555555555556,2016-05-05T00:55:00+00:00,2016-05-06T00:55:00+00:00,59.332229580573944,17280,0.0,47.541202545166016,17.93893837928772
P150,capture24/P150.csv.gz,9630001,19260,26.75,100.000010384216,5.0,0,2016-05-17T04:11:05+00:00,2016-05-16T23:16:00+00:00,2016-05-17T04:11:05+00:00,4.918055555555555,2016-05-16T23:16:00+00:00,2016-05-17T23:16:00+00:00,78.13084112149534,17280,0.0,38.41084289550781,20.524430990219116
P151,capture24/P151.csv.gz,10770001,21540,29.916666666666668,100.00000928505106,5.0,0,2016-06-12T06:19:00+00:00,2016-06-12T00:44:00+00:00,2016-06-12T06:19:00+00:00,5.583333333333333,2016-06-11T06:19:00+00:00,2016-06-12T06:19:00+00:00,59.51253481894151,17280,0.0,37.39357376098633,20.14379906654358
