"spike_index","K0","hat_lambda","mhat1","mhat2","mhat3","mhat4","hat_alpha","hat_Delta","hat_r2","d_alpha","d_Delta","d_r2","se_alpha","se_Delta","se_r2","ci_alpha_lower","ci_alpha_upper","ci_Delta_lower","ci_Delta_upper","ci_r2_lower","ci_r2_upper","ci_r2_display_lower","ci_r2_display_upper","phase_lower_bound","phase_certified","sample_gap_previous","sample_gap_next","minimum_neighbor_gap","previous_relative_gap","next_relative_gap","relative_neighbor_gap","phase_interior","separation_pass","regular_inference_valid","inference_status","K0_sensitivity","domain_hours"
1,6,1.65080212076858,-0.601397277726042,0.37729675576091,-0.237087552855127,0.149252000586065,1.66279435746887,0.958605342171261,0.965569121791393,1.04318216893615,0.00195152973957824,0.0228227662019657,0.196104693455238,0.000366862234367996,0.00429038350454298,1.27843622109733,2.0471524938404,0.957886305404612,0.95932437893791,0.957160124642624,0.973978118940162,0.957160124642624,0.973978118940162,0.958001907494469,1,Inf,0.527397003618219,0.527397003618219,Inf,0.319479237991694,0.319479237991694,TRUE,TRUE,TRUE,"regular_separated",6,6
2,6,1.12340511715036,-0.899156858514531,0.845264988669799,-0.798081022353888,0.757462210360228,1.11215300259408,0.956484732067322,0.946904505297614,1.04549499482195,0.00787090688507175,0.05505507005758,0.131309118548892,0.00098854786524845,0.00691465072211034,0.854791859396555,1.36951414579161,0.954547213854441,0.958422250280203,0.933352038916604,0.960456971678624,0.933352038916604,0.960456971678624,0.954858715525753,1,0.527397003618219,0.431127630491632,0.431127630491632,0.319479237991694,0.383768619093737,0.319479237991694,TRUE,TRUE,TRUE,"regular_separated",6,6
3,6,0.692277486658729,-1.51553431019835,2.42646837678971,-3.96268675407216,6.65282498063188,0.659833296594336,0.946579097159793,0.902216839638664,1.05643575164558,0.0606646046283705,0.199070010329257,0.0783114274911372,0.00449694340543953,0.0147566538289492,0.506345719133787,0.813320874054884,0.937765250044617,0.955392944274969,0.873294329601599,0.93113934967573,0.873294329601599,0.93113934967573,0.93918228348916,1,0.431127630491632,0.114163819679418,0.114163819679418,0.383768619093737,0.164910490200149,0.164910490200149,TRUE,TRUE,TRUE,"regular_separated",6,6
4,6,0.578113666979311,-1.85659626165773,3.68505180765821,-7.62047207387144,16.7753563968461,0.538620065467068,0.935387033538597,0.871486446383624,1.06907618359533,0.155459066618157,0.367137015398205,0.0643067000486794,0.00935111989235521,0.0220838984987776,0.412581249407036,0.6646588815271,0.917059175334464,0.953714891742729,0.828202800687782,0.914770092079467,0.828202800687782,0.914770092079467,0.920005810067598,1,0.114163819679418,0.138228377458452,0.114163819679418,0.164910490200149,0.239102421121967,0.164910490200149,TRUE,TRUE,TRUE,"regular_separated",6,6
5,6,0.439885289520859,-2.58034551104381,7.59375472268793,-27.0202810789878,129.701354296188,0.387544999582431,0.876797210274808,0.77247042032242,1.14051457769417,1.07899091025475,1.46785338569747,0.0477905387349418,0.0452125364284532,0.0615068894851082,0.293877264860179,0.481212734304683,0.788182267225335,0.965412153324281,0.651919132130522,0.893021708514317,0.651919132130522,0.893021708514317,0.802429205746791,1,0.138228377458452,0.0890150027583765,0.0890150027583765,0.239102421121967,0.20235958073373,0.20235958073373,TRUE,TRUE,TRUE,"regular_separated",6,6
6,6,0.350870286762482,-3.80253740921953,38.352144237175,-1458.26213433465,79516.2458426005,0.262982291134185,0.377013881129976,0.282577288501119,2.65242223178316,21.0652943567727,17.8334339524587,0.0494557967254532,0.392773406581655,0.332513682739218,0.166050710725563,0.359913871542807,-0.392807849855175,1.14683561211513,-0.369137554034527,0.934292131036764,0,0.934292131036764,-0.269040881255945,0,0.0890150027583765,0.0171311304617797,0.0171311304617797,0.20235958073373,0.0488246828189712,0.0488246828189712,FALSE,FALSE,FALSE,"phase_not_certified",6,6
1,8,1.65080212076858,-0.591373759110635,0.369760686104024,-0.231421079747371,0.144990878634941,1.69097797221151,0.94580883286834,0.968827142988417,1.05729611021639,0.00115390538986526,0.020065448905796,0.200773151346672,0.000219118579214051,0.00381028868930367,1.29746982650942,2.0844861179136,0.945379368344737,0.946238297391944,0.961359114386681,0.976295171590152,0.961359114386681,0.976295171590152,0.945448414878588,1,Inf,0.527397003618219,0.527397003618219,Inf,0.319479237991694,0.319479237991694,TRUE,TRUE,TRUE,"regular_separated",8,6
2,8,1.12340511715036,-0.882546684541307,0.824566992218264,-0.772282132393781,0.725296573448049,1.13308453537474,0.944603237511937,0.952742073317821,1.05864553527678,0.00432066135116393,0.0464245715508819,0.134619187697768,0.000549422731243809,0.00590342839330325,0.869235775859073,1.3969332948904,0.943526388746412,0.945680086277463,0.941171566281636,0.964312580354007,0.941171566281636,0.964312580354007,0.943699517539721,1,0.527397003618219,0.431127630491632,0.431127630491632,0.319479237991694,0.383768619093737,0.319479237991694,TRUE,TRUE,TRUE,"regular_separated",8,6
3,8,0.692277486658729,-1.47962819390489,2.32965144049443,-3.70129894152758,5.94623587475166,0.675845461798683,0.939754142677068,0.917447966710937,1.06410810507449,0.0268650148397036,0.145474370596248,0.0805025515720625,0.00203240839187675,0.0110055152906837,0.518063360053863,0.833627563543504,0.935770695427113,0.943737589927024,0.895877553109893,0.939018380311982,0.895877553109893,0.939018380311982,0.936411128362243,1,0.431127630491632,0.114163819679418,0.114163819679418,0.383768619093737,0.164910490200149,0.164910490200149,TRUE,TRUE,TRUE,"regular_separated",8,6
4,8,0.578113666979311,-1.80470851382772,3.48259043306544,-6.82840547009823,13.668591394281,0.554106102086833,0.935215576588895,0.896378493285314,1.06927218176519,0.0579858907403255,0.234818601189891,0.066161666424306,0.00358790140237664,0.0145294998103293,0.42443161873804,0.683780585435626,0.928183419060156,0.942247734117634,0.867901196943688,0.924855789626941,0.867901196943688,0.924855789626941,0.929314003954052,1,0.114163819679418,0.138228377458452,0.114163819679418,0.164910490200149,0.239102421121967,0.164910490200149,TRUE,TRUE,TRUE,"regular_separated",8,6
5,8,0.439885289520859,-2.46729843726104,6.62343898420851,-18.5926125563122,55.6826423213427,0.405301598257447,0.919093780893073,0.846834816299939,1.08802825216412,0.2253674919657,0.555842612185005,0.0488166272826632,0.0101115764549638,0.0249390230197482,0.309622766936711,0.500980429578182,0.899275455214421,0.938912106571725,0.797955229371617,0.89571440322826,0.797955229371617,0.89571440322826,0.902461717686929,1,0.138228377458452,0.0890150027583765,0.0890150027583765,0.239102421121967,0.20235958073373,0.20235958073373,TRUE,TRUE,TRUE,"regular_separated",8,6
6,8,0.350870286762482,-3.26075667879036,12.1417035016259,-52.2449093897151,280.621377118259,0.306677283375516,0.875703653680236,0.765406555313321,1.14193882347915,1.01467100611086,1.5554750942194,0.0378418530554,0.0336244204359721,0.0515457209585449,0.232508614278675,0.380845952472357,0.809801000624698,0.941606306735774,0.664378798677422,0.866434311949221,0.664378798677422,0.866434311949221,0.820396403771986,1,0.0890150027583765,0.0171311304617797,0.0171311304617797,0.20235958073373,0.0488246828189712,0.0488246828189712,TRUE,FALSE,FALSE,"weak_sample_separation",8,6
1,10,1.65080212076858,-0.581890419365526,0.363015058693783,-0.226622399126026,0.141576907990213,1.71853662944024,0.932733923952742,0.971005182067505,1.07211711112875,0.000790131701934982,0.0183866302462835,0.205470404213341,0.000151428121511306,0.00352378327853347,1.31582203729321,2.12125122158728,0.932437130288333,0.933030717617151,0.964098693752255,0.977911670382755,0.964098693752255,0.977911670382755,0.932484846857852,1,Inf,0.527397003618219,0.527397003618219,Inf,0.319479237991694,0.319479237991694,TRUE,TRUE,TRUE,"regular_separated",10,6
2,10,1.12340511715036,-0.867369345272528,0.807286701641372,-0.752603049006653,0.702880630866989,1.1529113928805,0.931923664280436,0.956400672777115,1.07304926178919,0.00285611871635894,0.041741112190535,0.137903449338647,0.00036705549011779,0.00536437939550724,0.882625598832912,1.42319718692809,0.931204248739477,0.932643079821394,0.945886682362512,0.966914663191718,0.945886682362512,0.966914663191718,0.931319911726223,1,0.527397003618219,0.431127630491632,0.431127630491632,0.319479237991694,0.383768619093737,0.319479237991694,TRUE,TRUE,TRUE,"regular_separated",10,6
3,10,0.692277486658729,-1.44981191957314,2.26291738470138,-3.55180617581674,5.61106235711465,0.689744639631896,0.928869350841863,0.925470881270144,1.07657766842416,0.0162262216215288,0.123824723130196,0.0826381118747697,0.00124552492309026,0.00950478690299558,0.527776916606956,0.851712362656836,0.926428166850759,0.931310534832967,0.906841841259544,0.944099921280743,0.906841841259544,0.944099921280743,0.92682064465466,1,0.431127630491632,0.114163819679418,0.114163819679418,0.383768619093737,0.164910490200149,0.164910490200149,TRUE,TRUE,TRUE,"regular_separated",10,6
4,10,0.578113666979311,-1.76465467494681,3.36207762318721,-6.46524153382846,12.5724985798307,0.566683110410902,0.926214820364441,0.907901551705714,1.07966313862968,0.0328942616880195,0.191552418058102,0.0679913672194873,0.00207150336602457,0.0120629392001835,0.43342247940107,0.699943741420734,0.92215474837318,0.930274892355703,0.884258625325657,0.93154447808577,0.884258625325657,0.93154447808577,0.922807500539594,1,0.114163819679418,0.138228377458452,0.114163819679418,0.164910490200149,0.239102421121967,0.164910490200149,TRUE,TRUE,TRUE,"regular_separated",10,6
5,10,0.439885289520859,-2.39867070261299,6.26858273042985,-16.7494232697707,46.0663459084637,0.416897575357321,0.917850395695324,0.869884975973933,1.08950217234743,0.10758381852497,0.397754735802578,0.0502473066683731,0.00496171302745688,0.0183442536379786,0.318414663967171,0.515380486747472,0.908125616859886,0.927575174530763,0.833930899520227,0.905839052427639,0.833930899520227,0.905839052427639,0.90968910402622,1,0.138228377458452,0.0890150027583765,0.0890150027583765,0.239102421121967,0.20235958073373,0.20235958073373,TRUE,TRUE,TRUE,"regular_separated",10,6
6,10,0.350870286762482,-3.13318647701987,10.9021776265212,-40.0225279390463,158.445474014989,0.319163895074368,0.900449234646406,0.819080144113276,1.11055677713212,0.344830034188974,0.829301208209967,0.0388377004918791,0.0120591813621813,0.02900180576556,0.243043400867932,0.395284389280805,0.876813673493494,0.924084795799318,0.762237649326153,0.8759226389004,0.762237649326153,0.8759226389004,0.880613646444757,1,0.0890150027583765,0.0171311304617797,0.0171311304617797,0.20235958073373,0.0488246828189712,0.0488246828189712,TRUE,FALSE,FALSE,"weak_sample_separation",10,6
1,6,2.59188319572135,-0.390123128829996,0.158915666953095,-0.0649077865956178,0.0265913078703646,2.5632932940917,0.957715866321897,0.947151731930155,1.04415102136764,0.00209595267483498,0.0224627443096562,0.302447033022042,0.000607110135302216,0.00650652082980268,1.9705080021375,3.1560785860459,0.956525952322055,0.958905780321739,0.934399185439082,0.959904278421228,0.934399185439082,0.959904278421228,0.956717259013886,1,Inf,1.05806286802614,1.05806286802614,Inf,0.408221662832948,0.408221662832948,TRUE,TRUE,TRUE,"regular_separated",6,12
2,6,1.5338203276952,-0.686814757921954,0.495888356248213,-0.362222072934446,0.268511252364245,1.45599666935758,0.951251437457183,0.902986418715986,1.05124676885969,0.0160553324332862,0.0784903483533899,0.172378098931256,0.00263267176132324,0.0128704481520411,1.11814180372884,1.79385153498633,0.946091495621874,0.956411379292493,0.877760803873095,0.928212033558877,0.877760803873095,0.928212033558877,0.946921077761998,1,1.05806286802614,0.497177981814645,0.497177981814645,0.408221662832948,0.324143560257628,0.324143560257628,TRUE,TRUE,TRUE,"regular_separated",6,12
3,6,1.03664234588056,-1.07627818959955,1.24671887992558,-1.52068743107954,2.00665929970217,0.929127812551947,0.929138685600746,0.832773808575519,1.07626559468185,0.114080540596587,0.263563991621091,0.111302407259405,0.0117976815877013,0.0272565683408256,0.710979102930904,1.14727652217299,0.90601565458778,0.952261716613712,0.779351916285347,0.886195700865692,0.779351916285347,0.886195700865692,0.909733226251597,1,0.497177981814645,0.218576171728348,0.218576171728348,0.324143560257628,0.210850128394748,0.210850128394748,TRUE,TRUE,TRUE,"regular_separated",6,12
4,6,0.81806617415221,-1.45358038193621,2.44271507775929,-5.12821725399572,15.3142743543412,0.687956450449593,0.864978460233682,0.727407549681915,1.15609815269832,0.724697494581513,0.94265328491215,0.0854137262933053,0.0535413998397605,0.0696441988762364,0.520548623129352,0.855364277769833,0.760039244865892,0.969917675601471,0.590907428152347,0.863907671211483,0.590907428152347,0.863907671211483,0.776910694515192,1,0.218576171728348,0.00906357594356832,0.00906357594356832,0.210850128394748,0.011079269904982,0.011079269904982,TRUE,FALSE,FALSE,"weak_sample_separation",6,12
5,6,0.809002598208641,-1.47615324538248,2.5396513419949,-5.57876499586752,17.9294183431319,0.677436440375061,0.858002973802534,0.71846800206951,1.16549712592272,0.817184917327251,1.03228696830152,0.0844488084316893,0.0592110362194155,0.0747967562456303,0.511919817311628,0.842953063438494,0.741951475325183,0.974054472279886,0.571869053667654,0.865066950471367,0.571869053667654,0.865066950471367,0.760609486121474,1,0.00906357594356832,0.0402326574720758,0.00906357594356832,0.011079269904982,0.049731184499484,0.011079269904982,TRUE,FALSE,FALSE,"weak_sample_separation",6,12
6,6,0.768769940736566,-1.58880204738785,3.10487424204904,-8.9745840959685,43.9334394242062,0.629405029811046,0.813009400380072,0.665624628081326,1.22999807816799,1.52237449740629,1.68134245285896,0.080603109061061,0.0997628531493179,0.110180195808625,0.471425839009412,0.787384220612679,0.617477801212451,1.00854099954769,0.44967541248685,0.881573843675803,0.44967541248685,0.881573843675803,0.648914109542389,1,0.0402326574720758,0.119873238286158,0.0402326574720758,0.049731184499484,0.155928623030326,0.049731184499484,TRUE,FALSE,FALSE,"weak_sample_separation",6,12
1,8,2.59188319572135,-0.383452360989933,0.155575480180567,-0.06323391311129,0.0257517899046397,2.60788588553313,0.94510852852968,0.950943775521325,1.0580795430507,0.00137715000178185,0.0203125181788647,0.309754133890229,0.000403162417079662,0.00594651556865256,2.00077893904588,3.21499283202037,0.944318344712283,0.945898712347076,0.939288819173259,0.962598731869391,0.939288819173259,0.962598731869391,0.944445385365696,1,Inf,1.05806286802614,1.05806286802614,Inf,0.408221662832948,0.408221662832948,TRUE,TRUE,TRUE,"regular_separated",8,12
2,8,1.5338203276952,-0.672613079370324,0.480705594395287,-0.345930829159869,0.250967561039015,1.48673885577153,0.941133949375283,0.912245316975612,1.06254800463185,0.00931288242631534,0.0662401621313057,0.17696131633455,0.0015510075082214,0.0110319216015386,1.13990104909901,1.83357666244405,0.938094030519418,0.944173868231148,0.890623147956327,0.933867485994897,0.890623147956327,0.933867485994897,0.938582769049956,1,1.05806286802614,0.497177981814645,0.497177981814645,0.408221662832948,0.324143560257628,0.324143560257628,TRUE,TRUE,TRUE,"regular_separated",8,12
3,8,1.03664234588056,-1.04582072740163,1.17598662530135,-1.35382269134279,1.60726073898498,0.956186824184032,0.930062443169878,0.857878763453402,1.07519662506934,0.0497768450969258,0.18301123886327,0.114486972121788,0.00530024010869155,0.0194870427540283,0.731796482126286,1.18057716624178,0.919674163447427,0.940450722892328,0.819684861490314,0.89607266541649,0.819684861490314,0.89607266541649,0.921344324003383,1,0.497177981814645,0.218576171728348,0.218576171728348,0.324143560257628,0.210850128394748,0.210850128394748,TRUE,TRUE,TRUE,"regular_separated",8,12
4,8,0.81806617415221,-1.39070089352443,2.12712887194176,-3.46025657115099,6.15005825750577,0.719061880708019,0.90922980772864,0.799192676825557,1.09983195832318,0.176734373274491,0.40081143111284,0.0870760664529627,0.0139924412227802,0.0317331048134838,0.548395926544796,0.889727834871243,0.881805126876197,0.936654488581082,0.736996934273494,0.86138841937762,0.736996934273494,0.86138841937762,0.886214290033444,1,0.218576171728348,0.00906357594356832,0.00906357594356832,0.210850128394748,0.011079269904982,0.011079269904982,TRUE,FALSE,FALSE,"weak_sample_separation",8,12
5,8,0.809002598208641,-1.41026920558686,2.19140653766816,-3.63372776850805,6.6176197961112,0.709084475530234,0.907572008223957,0.795479795593235,1.10184094588474,0.189281584812251,0.41870920866132,0.0859462236388399,0.0147644153902132,0.032660317645349,0.540632972590883,0.877535978469586,0.87863428580635,0.936509730641564,0.731466749284713,0.859492841901757,0.731466749284713,0.859492841901757,0.883286706019547,1,0.00906357594356832,0.0402326574720758,0.00906357594356832,0.011079269904982,0.049731184499484,0.011079269904982,TRUE,FALSE,FALSE,"weak_sample_separation",8,12
6,8,0.768769940736566,-1.50478739476225,2.51994465365669,-4.58889644061259,9.45134980253353,0.66454570491534,0.898585252715579,0.776761601292927,1.11286046257485,0.263127777009923,0.517838707873406,0.0809495763693395,0.0191399396386828,0.037667637084536,0.50588745066766,0.82320395916302,0.86107166035749,0.936098845073668,0.702934389224512,0.850588813361343,0.702934389224512,0.850588813361343,0.867102853581259,1,0.0402326574720758,0.119873238286158,0.0402326574720758,0.049731184499484,0.155928623030326,0.049731184499484,TRUE,FALSE,FALSE,"weak_sample_separation",8,12
1,10,2.59188319572135,-0.377095966965882,0.152544737535941,-0.0617886282494436,0.0250624650430427,2.65184485542503,0.93219451944994,0.953760279297902,1.07273748035986,0.000983518841759179,0.0188464743177734,0.317149629215181,0.00029077257176232,0.00557186865503214,2.03024300445304,3.27344670639702,0.931624615681593,0.932764423218286,0.942839617407452,0.964680941188353,0.942839617407452,0.964680941188353,0.931716241130658,1,Inf,1.05806286802614,1.05806286802614,Inf,0.408221662832948,0.408221662832948,TRUE,TRUE,TRUE,"regular_separated",10,12
2,10,1.5338203276952,-0.659783156433589,0.468352417957921,-0.334029320251396,0.23949412863188,1.51564948308991,0.929457811729673,0.91844672186526,1.07589606260778,0.0062138012105335,0.0593102210766799,0.181532046255523,0.00104843217479494,0.0100071988086104,1.15985321038923,1.8714457557906,0.927402922426842,0.931512701032504,0.898832972614252,0.938060471116269,0.898832972614252,0.938060471116269,0.927733294264349,1,1.05806286802614,0.497177981814645,0.497177981814645,0.408221662832948,0.324143560257628,0.324143560257628,TRUE,TRUE,TRUE,"regular_separated",10,12
3,10,1.03664234588056,-1.02119632740111,1.13040598330496,-1.26926047389458,1.45002821936748,0.979243631383737,0.92253752589717,0.871456776329106,1.08396674598954,0.0293239401193608,0.151699866308545,0.117724838572002,0.00318474356304664,0.0164754521655225,0.748507187696821,1.20998007507065,0.916295543213603,0.928779508580737,0.839165483455669,0.903748069202542,0.839165483455669,0.903748069202542,0.917299088896582,1,0.497177981814645,0.218576171728348,0.218576171728348,0.324143560257628,0.210850128394748,0.210850128394748,TRUE,TRUE,TRUE,"regular_separated",10,12
4,10,0.81806617415221,-1.34930058354296,1.99775928041985,-3.0534646045035,4.86317267665993,0.741124707271839,0.911327046553257,0.825614127494808,1.09730091275368,0.0872248401317881,0.292189512495627,0.0896444754572479,0.00712587126245445,0.023870549342794,0.565424763962648,0.91682465058103,0.897360595520377,0.925293497586137,0.778828710491745,0.87239954449787,0.778828710491745,0.87239954449787,0.899606031362019,1,0.218576171728348,0.00906357594356832,0.00906357594356832,0.210850128394748,0.011079269904982,0.011079269904982,TRUE,FALSE,FALSE,"weak_sample_separation",10,12
5,10,0.809002598208641,-1.36766194055574,2.05433316653846,-3.18982421731631,5.17086057245981,0.731174839590589,0.910514036433769,0.822920663059163,1.09828070736473,0.0922405772053914,0.302252831726592,0.0884804421472611,0.00743114852179699,0.0243502995291614,0.557756359645778,0.904593319535401,0.895949252967279,0.92507881990026,0.775194952969244,0.870646373149082,0.775194952969244,0.870646373149082,0.898290884835277,1,0.00906357594356832,0.0402326574720758,0.00906357594356832,0.011079269904982,0.049731184499484,0.011079269904982,TRUE,FALSE,FALSE,"weak_sample_separation",10,12
6,10,0.768769940736566,-1.45583822089597,2.33864733844195,-3.91160372316217,6.90017144912357,0.686889508495365,0.906278125214711,0.80975192057119,1.1034140317169,0.119991335164999,0.354682011113433,0.0833154419815707,0.00906018125188718,0.0267809613340223,0.52359424285545,0.85018477413528,0.888520496267607,0.924035754161815,0.757262200885146,0.862241640257233,0.757262200885146,0.862241640257233,0.891375453221707,1,0.0402326574720758,0.119873238286158,0.0402326574720758,0.049731184499484,0.155928623030326,0.049731184499484,TRUE,FALSE,FALSE,"weak_sample_separation",10,12
1,6,2.78196749171654,-0.374281690677382,0.14669835211214,-0.0578549164023538,0.0229822394304438,2.67178444713707,0.954930862953622,0.917109720127037,1.0471962304234,0.00464815034638033,0.0342596151681013,0.315707443048688,0.00140131870047726,0.0103285470194828,2.05300922911042,3.29055966516373,0.952184328769824,0.95767739713742,0.896866139956222,0.937353300297852,0.896866139956222,0.937353300297852,0.952625898806627,1,Inf,0.765208017126606,0.765208017126606,Inf,0.275060013966754,0.275060013966754,TRUE,TRUE,TRUE,"regular_separated",6,18
2,6,2.01675947458993,-0.535292982867595,0.302294204967127,-0.173502274829408,0.101641363699593,1.86813582842604,0.947879823030173,0.878026497832544,1.05498606015603,0.0174885183821361,0.0766796595685539,0.221565010937755,0.00367288622377627,0.01610403232105,1.43387638675382,2.30239527009826,0.940681098312259,0.955078547748088,0.846463174477417,0.909589821187671,0.846463174477417,0.909589821187671,0.941838462803615,1,0.765208017126606,0.455879922741408,0.455879922741408,0.275060013966754,0.226045757307823,0.226045757307823,TRUE,TRUE,TRUE,"regular_separated",6,18
3,6,1.56087955184853,-0.722489530922786,0.559646381038405,-0.451839378302411,0.386312702825957,1.38410310073666,0.932715979194737,0.827081806140121,1.0721377378603,0.0611070041095432,0.164968903218494,0.16548670214125,0.00943199388541414,0.025463295232916,1.0597551246195,1.70845107685381,0.914229610876923,0.951202347512551,0.777174664555895,0.876988947724347,0.777174664555895,0.876988947724347,0.917201729842929,1,0.455879922741408,0.209491515894891,0.209491515894891,0.226045757307823,0.13421376149543,0.13421376149543,TRUE,TRUE,TRUE,"regular_separated",6,18
4,6,1.35138803595364,-0.863984719226503,0.817660997269175,-0.838258388010316,0.965156664657698,1.15742787776995,0.912932862824519,0.781902694010296,1.09537079967316,0.143890984164154,0.28462642275031,0.139876219699823,0.018374533007247,0.0363461104247771,0.883275524864688,1.43158023067522,0.876919439897573,0.948946285751466,0.710665626599617,0.853139761420975,0.710665626599617,0.853139761420975,0.882709445564009,1,0.209491515894891,0.371173369514204,0.209491515894891,0.13421376149543,0.274660837331062,0.13421376149543,TRUE,TRUE,TRUE,"regular_separated",6,18
5,6,0.980214666439431,-1.40410635609605,3.13119747556815,-15.5032909728671,131.865494725362,0.712196761775496,0.629636001757315,0.457476037547679,1.58821922064335,3.42673747437517,3.04324695119361,0.103639327623271,0.223611931633624,0.198587237651937,0.509067412251938,0.915326111299054,0.19136466924198,1.06790733427265,0.0682522039605867,0.846699871134771,0.0682522039605867,0.846699871134771,0.261827104980125,1,0.371173369514204,0.0693136850114928,0.0693136850114928,0.274660837331062,0.0707127605662854,0.0707127605662854,TRUE,TRUE,TRUE,"regular_separated",6,18
6,6,0.910900981427938,-1.86845684565462,20.8652977945707,-875.567333285498,43069.5150306632,0.535201014851187,0.167317572864071,0.098307649925803,5.97665853551678,10.3053302801635,7.04480037372978,0.151082971718717,0.260506755408162,0.178084354209503,0.239083831605218,0.831318198097155,-0.343266285465312,0.677901431193454,-0.250731270534897,0.447346570386503,0,0.447346570386503,-0.261177908614405,0,0.0693136850114928,0.0198679876113373,0.0198679876113373,0.0707127605662854,0.0218113582227039,0.0218113582227039,FALSE,FALSE,FALSE,"phase_not_certified",6,18
1,8,2.78196749171654,-0.367324798480057,0.143067809066146,-0.0559599232592952,0.0219929500257345,2.72238630263427,0.943101795289479,0.922903454886047,1.06033092609378,0.00312509092515856,0.0307711179580579,0.323697863920995,0.00095402787199592,0.00939380801631298,2.08795014747657,3.35682245779196,0.94123193502012,0.944971655558839,0.904491929496389,0.941314980275704,0.904491929496389,0.941314980275704,0.941532559084014,1,Inf,0.765208017126606,0.765208017126606,Inf,0.275060013966754,0.275060013966754,TRUE,TRUE,TRUE,"regular_separated",8,18
2,8,2.01675947458993,-0.523710086900829,0.292226822928464,-0.164747669316518,0.0940244911163703,1.90945338845338,0.938559480519742,0.888621376482119,1.06546257403551,0.0108364597340063,0.0654864102238427,0.22758704090367,0.00231471087284953,0.0139881575246691,1.46339098493414,2.35551579197261,0.934022730574334,0.943096230465151,0.861205091523695,0.916037661440543,0.861205091523695,0.916037661440543,0.934752119945192,1,0.765208017126606,0.455879922741408,0.455879922741408,0.275060013966754,0.226045757307823,0.226045757307823,TRUE,TRUE,TRUE,"regular_separated",8,18
3,8,1.56087955184853,-0.703300976138773,0.531992830373011,-0.411931180188801,0.328639808820715,1.42186636152583,0.929772423231597,0.846966142199585,1.07553200655738,0.0332755413354706,0.128355343273999,0.170270659286917,0.00526794956056694,0.0203203147735393,1.08814200169958,1.75559072135208,0.919447431820513,0.940097414642682,0.807139057088931,0.886793227310239,0.807139057088931,0.886793227310239,0.921107417290302,1,0.455879922741408,0.209491515894891,0.209491515894891,0.226045757307823,0.13421376149543,0.13421376149543,TRUE,TRUE,TRUE,"regular_separated",8,18
4,8,1.35138803595364,-0.836490432133417,0.760803993122674,-0.720347820094401,0.719950464631799,1.19547093617026,0.919706323016008,0.813594726108242,1.08730360439481,0.0686199971912997,0.19863908739181,0.143940764285496,0.00908413694304079,0.0262964842023724,0.913352222263517,1.477589650077,0.901901741777019,0.937510904254998,0.762054564151566,0.865134888064919,0.762054564151566,0.865134888064919,0.904764247417524,1,0.209491515894891,0.371173369514204,0.209491515894891,0.13421376149543,0.274660837331062,0.13421376149543,TRUE,TRUE,TRUE,"regular_separated",8,18
5,8,0.980214666439431,-1.28212023876343,1.95834432182362,-3.73345247069004,9.6768245051176,0.779958048992715,0.839399021064922,0.667910861989379,1.19132852779758,0.636275707667139,0.84507764058775,0.098300648598411,0.0525013153732857,0.069730287026171,0.587292318082902,0.972623779902529,0.736498333792303,0.942299708337541,0.531242010786443,0.804579713192314,0.531242010786443,0.804579713192314,0.75304204205345,1,0.371173369514204,0.0693136850114928,0.0693136850114928,0.274660837331062,0.0707127605662854,0.0707127605662854,TRUE,TRUE,TRUE,"regular_separated",8,18
6,8,0.910900981427938,-1.44010023190208,2.68440134992048,-7.52575297195111,33.9552580893008,0.694396110664604,0.77257027082998,0.588944135770346,1.29438063792655,1.45162049278418,1.55785921577941,0.091223693455183,0.102305441666008,0.109792797715394,0.515600956955723,0.873191264373485,0.57205528974214,0.973085251917819,0.373754206486283,0.80413406505441,0.373754206486283,0.80413406505441,0.604292794048774,1,0.0693136850114928,0.0198679876113373,0.0198679876113373,0.0707127605662854,0.0218113582227039,0.0218113582227039,TRUE,FALSE,FALSE,"weak_sample_separation",8,18
1,10,2.78196749171654,-0.360776380167033,0.139850815640307,-0.0543791123634604,0.0212159420059977,2.77180008163788,0.93070316315634,0.927301670957206,1.07445643206869,0.00223010292039727,0.0283539361025898,0.331761263655329,0.000688591683078261,0.00875488050537942,2.12155995340794,3.42204020986782,0.929353548257452,0.932052778055227,0.91014242047771,0.944460921436701,0.91014242047771,0.944460921436701,0.92957053062894,1,Inf,0.765208017126606,0.765208017126606,Inf,0.275060013966754,0.275060013966754,TRUE,TRUE,TRUE,"regular_separated",10,18
2,10,2.01675947458993,-0.513216186797116,0.283962012365377,-0.158233994721312,0.0888874224051115,1.94849660966621,0.927556655189724,0.896160905989045,1.07810126142156,0.00730445379630473,0.0585453044630053,0.233613964648278,0.00158280346383685,0.0126861930103941,1.49062165266997,2.40637156666245,0.924454417405998,0.930658892973449,0.871296424587749,0.921025387390341,0.871296424587749,0.921025387390341,0.92495317517148,1,0.765208017126606,0.455879922741408,0.455879922741408,0.275060013966754,0.226045757307823,0.226045757307823,TRUE,TRUE,TRUE,"regular_separated",10,18
3,10,1.56087955184853,-0.686925224607678,0.511846909145768,-0.387105977342228,0.297998147489268,1.45576252578456,0.921889447354123,0.859805043114954,1.08472876316142,0.0205856962137179,0.109017279263246,0.175073527390348,0.00332249920193682,0.0175952185240201,1.11262471745309,1.79890033411603,0.915377468579664,0.928401426128583,0.825319048507763,0.894291037722146,0.825319048507763,0.894291037722146,0.916424422491274,1,0.455879922741408,0.209491515894891,0.209491515894891,0.226045757307823,0.13421376149543,0.13421376149543,TRUE,TRUE,TRUE,"regular_separated",10,18
4,10,1.35138803595364,-0.814424529714308,0.724175954938971,-0.659365652921599,0.618121819865322,1.22786085575147,0.915920102119752,0.832198014536307,1.09179828861236,0.0390501632377949,0.159650778735685,0.148145930862337,0.00529871025035408,0.0216629880037233,0.93750016680513,1.51822154469781,0.905534820864545,0.92630538337496,0.789739338251486,0.874656690821128,0.789739338251486,0.874656690821128,0.907204499346293,1,0.209491515894891,0.371173369514204,0.209491515894891,0.13421376149543,0.274660837331062,0.13421376149543,TRUE,TRUE,TRUE,"regular_separated",10,18
5,10,0.980214666439431,-1.22419614894238,1.70164767291972,-2.57434834014114,4.35310125670043,0.816862559863409,0.880708877010912,0.733939342473627,1.13544898445211,0.216379583817893,0.451751084152339,0.100508356713709,0.0191536182547441,0.0399883744082939,0.619869800559234,1.01385531916758,0.843168475057984,0.918249278963839,0.655563568833067,0.812315116114186,0.655563568833067,0.812315116114186,0.849203978555352,1,0.371173369514204,0.0693136850114928,0.0693136850114928,0.274660837331062,0.0707127605662854,0.0707127605662854,TRUE,TRUE,TRUE,"regular_separated",10,18
6,10,0.910900981427938,-1.35618831960639,2.13495578993554,-3.79908653721947,7.93028193378972,0.737360723096502,0.861491730605036,0.697364673408072,1.16077724773712,0.353618123860329,0.618485931608559,0.09173262305667,0.0279453427652234,0.0488770235122236,0.55756808569804,0.917153360494964,0.806719865249572,0.916263595960501,0.601567467652596,0.793161879163548,0.601567467652596,0.793161879163548,0.815525732201257,1,0.0693136850114928,0.0198679876113373,0.0198679876113373,0.0707127605662854,0.0218113582227039,0.0218113582227039,TRUE,FALSE,FALSE,"weak_sample_separation",10,18
1,6,2.83385114856947,-0.373330100966454,0.146254610495055,-0.0577973000899444,0.0230758352284666,2.67859462018,0.952963901895831,0.900754431697117,1.04935769131506,0.00652960078609321,0.0411933145815948,0.316838636437301,0.00197152012766308,0.0124377357028841,2.05760230385211,3.29958693650789,0.949099793450815,0.956828010340846,0.876376917670236,0.925131945723997,0.876376917670236,0.925131945723997,0.949721039863236,1,Inf,0.571890918608675,0.571890918608675,Inf,0.20180697172375,0.20180697172375,TRUE,TRUE,TRUE,"regular_separated",6,24
2,6,2.26196022996079,-0.48149562096919,0.24483543433553,-0.126663370879808,0.0669457186418139,2.07686208648612,0.94691372448478,0.869426963174276,1.05606242062243,0.0167630538489502,0.0731169300095077,0.246446026862665,0.00391187863376844,0.0170627952906593,1.5938367497023,2.55988742326993,0.939246583250702,0.954580865718857,0.835984498929004,0.902869427419548,0.835984498929004,0.902869427419548,0.940479256725832,1,0.571890918608675,0.646254265872527,0.571890918608675,0.20180697172375,0.285705406006952,0.20180697172375,TRUE,TRUE,TRUE,"regular_separated",6,24
3,6,1.61570596408826,-0.720732690657824,0.564022501671923,-0.468971374031883,0.423432110020219,1.38747695638349,0.920983843451374,0.790888867400673,1.08579537753074,0.0900871976833708,0.20678579573029,0.166943356682873,0.0138510989148042,0.0317937574315896,1.06027398982683,1.71467992294014,0.893836188432056,0.948131498470692,0.728574247901555,0.853203486899791,0.728574247901555,0.853203486899791,0.898200813164095,1,0.646254265872527,0.0792008301929987,0.0792008301929987,0.285705406006952,0.0490193339341242,0.0490193339341242,TRUE,FALSE,FALSE,"weak_sample_separation",6,24
4,6,1.53650513389527,-0.768574082630435,0.647219673310698,-0.588182392545406,0.593333223141048,1.3011107485924,0.912682578806047,0.772858539253354,1.09567118209726,0.121713099232704,0.250896449285205,0.157261984773721,0.0174695144593087,0.0360112360642228,0.992882922298617,1.60933857488618,0.8784429596384,0.946922197973694,0.702277813528708,0.843439264978001,0.702277813528708,0.843439264978001,0.883947784586572,1,0.0792008301929987,0.453902859435105,0.0792008301929987,0.0490193339341242,0.295412523799641,0.0490193339341242,TRUE,FALSE,FALSE,"weak_sample_separation",6,24
5,6,1.08260227446016,-1.32425208191121,2.78123387059618,-11.532915120196,74.3180154315347,0.755143234176958,0.630527189743399,0.439809108600631,1.58597442944048,2.58069762115911,2.31755215988748,0.109811239676714,0.178684851249591,0.160464929931104,0.539917159312904,0.970369309041013,0.280311316711304,0.980743062775495,0.125303625153925,0.754314592047338,0.125303625153925,0.754314592047338,0.336616764084225,1,0.453902859435105,0.0476924674483361,0.0476924674483361,0.295412523799641,0.0440535444765419,0.0440535444765419,TRUE,FALSE,FALSE,"weak_sample_separation",6,24
6,6,1.03490980701182,-1.49584320730908,4.83950837213745,-40.3665136896961,486.808322801259,0.668519263993537,0.462350042358636,0.298663620666071,2.16286343329524,4.72127030708223,3.72747122889619,0.113526655523324,0.247815012050027,0.195651438579865,0.446011107882537,0.891027420104538,-0.0233584560877773,0.948058540805049,-0.0848061524739151,0.682133393806056,0,0.682133393806056,0.0547306209751256,0,0.0476924674483361,0.0683029379659261,0.0476924674483361,0.0440535444765419,0.0659989281221931,0.0440535444765419,TRUE,FALSE,FALSE,"weak_sample_separation",6,24
1,8,2.83385114856947,-0.366217718905081,0.142460602180598,-0.055773403412654,0.0219961795961893,2.73061610178176,0.941421105815788,0.907125849357137,1.06222390152752,0.00469831442947077,0.0373002808311117,0.324966093627922,0.00143735504782487,0.0114112726473956,2.09369426207436,3.36753794148915,0.938603941689054,0.944238269942521,0.884760165950474,0.929491532763799,0.884760165950474,0.929491532763799,0.939056867152156,1,Inf,0.571890918608675,0.571890918608675,Inf,0.20180697172375,0.20180697172375,TRUE,TRUE,TRUE,"regular_separated",8,24
2,8,2.26196022996079,-0.471260947822372,0.236979037335066,-0.120632402301962,0.0623158900876203,2.12196661875093,0.937158338728631,0.879157239338689,1.06705554299034,0.0115849570918215,0.0642918699292689,0.253105410532194,0.00274795003876372,0.0152500216499765,1.62588912981561,2.61804410768626,0.931772455621339,0.942544221835924,0.849267746141279,0.909046732536099,0.849267746141279,0.909046732536099,0.932638363140689,1,0.571890918608675,0.646254265872527,0.571890918608675,0.20180697172375,0.285705406006952,0.20180697172375,TRUE,TRUE,TRUE,"regular_separated",8,24
3,8,1.61570596408826,-0.700421879194525,0.533078837941837,-0.421822417114568,0.351581856000908,1.42771096920899,0.920296912832838,0.813216034714617,1.0866058399803,0.0556082355900434,0.164743127234693,0.17184847478087,0.00879453258927591,0.0260543925904413,1.09089414784035,1.76452779057764,0.903059945696994,0.937533879968683,0.762150363598285,0.864281705830949,0.762150363598285,0.864281705830949,0.905831194006025,1,0.646254265872527,0.0792008301929987,0.0792008301929987,0.285705406006952,0.0490193339341242,0.0490193339341242,TRUE,FALSE,FALSE,"weak_sample_separation",8,24
4,8,1.53650513389527,-0.745476156398727,0.607199445505113,-0.518830486788387,0.473131841423254,1.34142452634681,0.915242436192802,0.79903973268866,1.09260668043297,0.0731323786972191,0.194637705510106,0.161907712418862,0.0108371075801262,0.0288423512449233,1.02409124118657,1.65875781150705,0.894002095639169,0.936482776746436,0.742509763019156,0.855569702358164,0.742509763019156,0.855569702358164,0.897416980483968,1,0.0792008301929987,0.453902859435105,0.0792008301929987,0.0490193339341242,0.295412523799641,0.0490193339341242,TRUE,FALSE,FALSE,"weak_sample_separation",8,24
5,8,1.08260227446016,-1.21584750461952,1.8966571150486,-4.28880030047691,14.7834703084553,0.822471565061059,0.779416133132549,0.592135839702558,1.28301167693425,1.09320163069978,1.20726830827888,0.107573565887184,0.091659023656794,0.101222895503548,0.611631250233632,1.03331187988849,0.599767747907128,0.95906451835797,0.393742610104742,0.790529069300373,0.393742610104742,0.790529069300373,0.62865045562784,1,0.453902859435105,0.0476924674483361,0.0476924674483361,0.295412523799641,0.0440535444765419,0.0440535444765419,TRUE,FALSE,FALSE,"weak_sample_separation",8,24
6,8,1.03490980701182,-1.31811396991872,2.44751714917381,-7.87110337749254,41.4003968213931,0.758659738703523,0.709872222256495,0.520384936929918,1.40870422682728,1.92960535622536,1.87796940878996,0.103974373997067,0.142421315386256,0.13861014253102,0.554873710354173,0.962445767052873,0.430731573468613,0.989012871044378,0.248714049677156,0.79205582418268,0.248714049677156,0.79205582418268,0.475610005088213,1,0.0476924674483361,0.0683029379659261,0.0476924674483361,0.0440535444765419,0.0659989281221931,0.0440535444765419,TRUE,FALSE,FALSE,"weak_sample_separation",8,24
1,10,2.83385114856947,-0.359339131333174,0.138911965381791,-0.0539426680102904,0.0210517026644991,2.78288645127495,0.929542757187183,0.912825624649621,1.07579774278057,0.00324682441317137,0.0339502373185792,0.33329605178986,0.0010059081876933,0.0105182225297894,2.12963819357743,3.43613470897247,0.92757121336755,0.931514301006815,0.892210287309856,0.933440961989387,0.892210287309856,0.933440961989387,0.927888185456275,1,Inf,0.571890918608675,0.571890918608675,Inf,0.20180697172375,0.20180697172375,TRUE,TRUE,TRUE,"regular_separated",10,24
2,10,2.26196022996079,-0.461503576476923,0.22983850736998,-0.11540685752433,0.0584917286643463,2.16683044502907,0.926674792392995,0.887702235522036,1.07912722802965,0.0075995322430199,0.0569261389323152,0.259914568342309,0.00183039505559924,0.0137110179816355,1.65740725202087,2.67625363803727,0.92308728400654,0.930262300779449,0.86082913408665,0.914575336957423,0.86082913408665,0.914575336957423,0.923664060447038,1,0.571890918608675,0.646254265872527,0.571890918608675,0.20180697172375,0.285705406006952,0.20180697172375,TRUE,TRUE,TRUE,"regular_separated",10,24
3,10,1.61570596408826,-0.681909121834311,0.50737392513143,-0.386130176365083,0.302020390124269,1.46647107067586,0.916483933068473,0.831832774314577,1.09112660235287,0.0311375677472885,0.132344357668256,0.17688069680727,0.00504765869345267,0.0214541210455256,1.11979127537327,1.81315086597846,0.906590703823055,0.926377162313891,0.789783469745384,0.87388207888377,0.789783469745384,0.87388207888377,0.908181273358934,1,0.646254265872527,0.0792008301929987,0.0792008301929987,0.285705406006952,0.0490193339341242,0.0490193339341242,TRUE,FALSE,FALSE,"weak_sample_separation",10,24
4,10,1.53650513389527,-0.724675994143824,0.574749745783355,-0.468204836637575,0.394146497484159,1.37992704061,0.913711228828088,0.820599166351251,1.0944376827705,0.0393098850440115,0.152063017447866,0.166694400796112,0.00598731004600252,0.0231608011819857,1.05321201862514,1.70664206259487,0.901976316773648,0.925446140882528,0.775204830181466,0.865993502521036,0.775204830181466,0.865993502521036,0.903862980183238,1,0.0792008301929987,0.453902859435105,0.0792008301929987,0.0490193339341242,0.295412523799641,0.0490193339341242,TRUE,FALSE,FALSE,"weak_sample_separation",10,24
5,10,1.08260227446016,-1.14456935302543,1.51544954842917,-2.2491592476398,3.86573093764513,0.873691050137512,0.864455702430322,0.697640516994408,1.15679727392463,0.276830631973586,0.502699783109363,0.108506532091529,0.0259664614788133,0.0471527824087133,0.661022155150775,1.08635994512425,0.813562373125901,0.915349031734743,0.605222761702476,0.79005827228634,0.605222761702476,0.79005827228634,0.8217446740878,1,0.453902859435105,0.0476924674483361,0.0476924674483361,0.295412523799641,0.0440535444765419,0.0440535444765419,TRUE,FALSE,FALSE,"weak_sample_separation",10,24
6,10,1.03490980701182,-1.22242511417671,1.76025659846524,-2.93120386430782,5.86590130606765,0.818046020490578,0.84892348142472,0.671032848442768,1.1779624687984,0.382428239369276,0.62016133826158,0.102520999455328,0.033283679538681,0.0539741816112241,0.617108553899085,1.01898348708207,0.783688668255933,0.914158294593507,0.565245396389744,0.776820300495791,0.565245396389744,0.776820300495791,0.79417670041723,1,0.0476924674483361,0.0683029379659261,0.0476924674483361,0.0440535444765419,0.0659989281221931,0.0440535444765419,TRUE,FALSE,FALSE,"weak_sample_separation",10,24
