"spike_index","K0","hat_lambda","mhat1","mhat2","mhat3","mhat4","hat_alpha","hat_Delta","hat_r2","d_alpha","d_Delta","d_r2","se_alpha","se_Delta","se_r2","ci_alpha_lower","ci_alpha_upper","ci_Delta_lower","ci_Delta_upper","ci_r2_lower","ci_r2_upper","ci_r2_display_lower","ci_r2_display_upper","phase_lower_bound","phase_certified","fpca_alpha_hat","fpca_var_lambda","fpca_alpha_se","fpca_alpha_ci_lower","fpca_alpha_ci_upper","fpca_alpha_ci_length","fpca_score_identity_error","sample_gap_previous","sample_gap_next","minimum_neighbor_gap","previous_relative_gap","next_relative_gap","relative_neighbor_gap","phase_interior","separation_pass","regular_inference_valid","inference_status","phase_valid","fpca_simple_gap_wald_valid","fpca_equality_rejected","proposed_equality_rejected","proposed_gap_local_inference_valid","prespecified_cluster_member","componentwise_interpretation_supported","domain_hours","grid_size","n_subjects","sample_effective_rank","effective_rank_over_n","pc1_variance_percent","cumulative_pc1_5_percent"
1,8,1.65080212076858,-0.591373759110635,0.369760686104024,-0.231421079747371,0.144990878634941,1.69097797221151,0.94580883286834,0.968827142988417,1.05729611021639,0.00115390538986526,0.020065448905796,0.200773151346672,0.000219118579214051,0.00381028868930367,1.29746982650942,2.0844861179136,0.945379368344737,0.946238297391944,0.961359114386681,0.976295171590152,0.961359114386681,0.976295171590152,0.945448414878588,1,1.65080212076858,4.35595814042904,0.170410448436103,1.3168037792445,1.98480046229266,0.667996683048162,2.22044604925031e-16,Inf,0.527397003618219,0.527397003618219,Inf,0.319479237991694,0.319479237991694,TRUE,TRUE,TRUE,"regular_separated",TRUE,FALSE,FALSE,FALSE,TRUE,FALSE,FALSE,6,4320,150,7.50297694319607,0.0500198462879738,13.3280430897076,36.2062726868007
2,8,1.12340511715036,-0.882546684541307,0.824566992218264,-0.772282132393781,0.725296573448049,1.13308453537474,0.944603237511937,0.952742073317821,1.05864553527678,0.00432066135116393,0.0464245715508819,0.134619187697768,0.000549422731243809,0.00590342839330325,0.869235775859073,1.3969332948904,0.943526388746412,0.945680086277463,0.941171566281636,0.964312580354007,0.941171566281636,0.964312580354007,0.943699517539721,1,1.12340511715036,1.60923472664811,0.103577176593048,0.920397581407642,1.32641265289308,0.406015071485438,2.22044604925031e-16,0.527397003618219,0.431127630491632,0.431127630491632,0.319479237991694,0.383768619093737,0.319479237991694,TRUE,TRUE,TRUE,"regular_separated",TRUE,FALSE,FALSE,FALSE,TRUE,FALSE,FALSE,6,4320,150,7.50297694319607,0.0500198462879738,13.3280430897076,36.2062726868007
3,8,0.692277486658729,-1.47962819390489,2.32965144049443,-3.70129894152758,5.94623587475166,0.675845461798683,0.939754142677068,0.917447966710937,1.06410810507449,0.0268650148397036,0.145474370596248,0.0805025515720625,0.00203240839187675,0.0110055152906837,0.518063360053863,0.833627563543504,0.935770695427113,0.943737589927024,0.895877553109893,0.939018380311982,0.895877553109893,0.939018380311982,0.936411128362243,1,0.692277486658729,1.64046223715549,0.104577315486533,0.487309714705241,0.897245258612217,0.409935543906977,0,0.431127630491632,0.114163819679418,0.114163819679418,0.383768619093737,0.164910490200149,0.164910490200149,TRUE,TRUE,TRUE,"regular_separated",TRUE,FALSE,FALSE,FALSE,TRUE,FALSE,FALSE,6,4320,150,7.50297694319607,0.0500198462879738,13.3280430897076,36.2062726868007
4,8,0.578113666979311,-1.80470851382772,3.48259043306544,-6.82840547009823,13.668591394281,0.554106102086833,0.935215576588895,0.896378493285314,1.06927218176519,0.0579858907403255,0.234818601189891,0.066161666424306,0.00358790140237664,0.0145294998103293,0.42443161873804,0.683780585435626,0.928183419060156,0.942247734117634,0.867901196943688,0.924855789626941,0.867901196943688,0.924855789626941,0.929314003954052,1,0.578113666979311,0.833874562716135,0.0745597998350378,0.431979144608122,0.7242481893505,0.292269044742379,2.22044604925031e-16,0.114163819679418,0.138228377458452,0.114163819679418,0.164910490200149,0.239102421121967,0.164910490200149,TRUE,TRUE,TRUE,"regular_separated",TRUE,FALSE,FALSE,FALSE,TRUE,FALSE,FALSE,6,4320,150,7.50297694319607,0.0500198462879738,13.3280430897076,36.2062726868007
5,8,0.439885289520859,-2.46729843726104,6.62343898420851,-18.5926125563122,55.6826423213427,0.405301598257447,0.919093780893073,0.846834816299939,1.08802825216412,0.2253674919657,0.555842612185005,0.0488166272826632,0.0101115764549638,0.0249390230197482,0.309622766936711,0.500980429578182,0.899275455214421,0.938912106571725,0.797955229371617,0.89571440322826,0.797955229371617,0.89571440322826,0.902461717686929,1,0.439885289520859,0.743889121990942,0.0704220193779825,0.301860667821431,0.577909911220286,0.276049243398855,1.66533453693773e-16,0.138228377458452,0.0890150027583765,0.0890150027583765,0.239102421121967,0.20235958073373,0.20235958073373,TRUE,TRUE,TRUE,"regular_separated",TRUE,FALSE,FALSE,FALSE,TRUE,FALSE,FALSE,6,4320,150,7.50297694319607,0.0500198462879738,13.3280430897076,36.2062726868007
6,8,0.350870286762482,-3.26075667879036,12.1417035016259,-52.2449093897151,280.621377118259,0.306677283375516,0.875703653680236,0.765406555313321,1.14193882347915,1.01467100611086,1.5554750942194,0.0378418530554,0.0336244204359721,0.0515457209585449,0.232508614278675,0.380845952472357,0.809801000624698,0.941606306735774,0.664378798677422,0.866434311949221,0.664378798677422,0.866434311949221,0.820396403771986,1,0.350870286762482,0.250309000530214,0.0408500510428252,0.270805657951922,0.430934915573043,0.160129257621121,5.55111512312578e-17,0.0890150027583765,0.0171311304617797,0.0171311304617797,0.20235958073373,0.0488246828189712,0.0488246828189712,TRUE,FALSE,FALSE,"weak_sample_separation",TRUE,FALSE,FALSE,FALSE,TRUE,FALSE,FALSE,6,4320,150,7.50297694319607,0.0500198462879738,13.3280430897076,36.2062726868007
1,8,2.59188319572135,-0.383452360989933,0.155575480180567,-0.06323391311129,0.0257517899046397,2.60788588553313,0.94510852852968,0.950943775521325,1.0580795430507,0.00137715000178185,0.0203125181788647,0.309754133890229,0.000403162417079662,0.00594651556865256,2.00077893904588,3.21499283202037,0.944318344712283,0.945898712347076,0.939288819173259,0.962598731869391,0.939288819173259,0.962598731869391,0.944445385365696,1,2.59188319572135,11.5515296049405,0.277507112280514,2.04797925019783,3.13578714124487,1.08780789104704,1.33226762955019e-15,Inf,1.05806286802614,1.05806286802614,Inf,0.408221662832948,0.408221662832948,TRUE,TRUE,TRUE,"regular_separated",TRUE,TRUE,TRUE,TRUE,TRUE,FALSE,TRUE,12,8640,150,9.91110566307774,0.0660740377538516,10.0896916448519,26.4298562128324
2,8,1.5338203276952,-0.672613079370324,0.480705594395287,-0.345930829159869,0.250967561039015,1.48673885577153,0.941133949375283,0.912245316975612,1.06254800463185,0.00931288242631534,0.0662401621313057,0.17696131633455,0.0015510075082214,0.0110319216015386,1.13990104909901,1.83357666244405,0.938094030519418,0.944173868231148,0.890623147956327,0.933867485994897,0.890623147956327,0.933867485994897,0.938582769049956,1,1.5338203276952,4.37501003676184,0.170782708663413,1.19909236953272,1.86854828585769,0.669455916324973,4.44089209850063e-16,1.05806286802614,0.497177981814645,0.497177981814645,0.408221662832948,0.324143560257628,0.324143560257628,TRUE,TRUE,TRUE,"regular_separated",TRUE,FALSE,FALSE,TRUE,TRUE,FALSE,FALSE,12,8640,150,9.91110566307774,0.0660740377538516,10.0896916448519,26.4298562128324
3,8,1.03664234588056,-1.04582072740163,1.17598662530135,-1.35382269134279,1.60726073898498,0.956186824184032,0.930062443169878,0.857878763453402,1.07519662506934,0.0497768450969258,0.18301123886327,0.114486972121788,0.00530024010869155,0.0194870427540283,0.731796482126286,1.18057716624178,0.919674163447427,0.940450722892328,0.819684861490314,0.89607266541649,0.819684861490314,0.89607266541649,0.921344324003383,1,1.03664234588056,2.48600547499071,0.128737600697199,0.78432128505795,1.28896340670317,0.504642121645216,4.44089209850063e-16,0.497177981814645,0.218576171728348,0.218576171728348,0.324143560257628,0.210850128394748,0.210850128394748,TRUE,TRUE,TRUE,"regular_separated",TRUE,FALSE,FALSE,FALSE,TRUE,FALSE,FALSE,12,8640,150,9.91110566307774,0.0660740377538516,10.0896916448519,26.4298562128324
4,8,0.81806617415221,-1.39070089352443,2.12712887194176,-3.46025657115099,6.15005825750577,0.719061880708019,0.90922980772864,0.799192676825557,1.09983195832318,0.176734373274491,0.40081143111284,0.0870760664529627,0.0139924412227802,0.0317331048134838,0.548395926544796,0.889727834871243,0.881805126876197,0.936654488581082,0.736996934273494,0.86138841937762,0.736996934273494,0.86138841937762,0.886214290033444,1,0.81806617415221,1.41615249105305,0.0971648939021719,0.627626481542297,1.00850586676212,0.380879385219825,0,0.218576171728348,0.00906357594356832,0.00906357594356832,0.210850128394748,0.011079269904982,0.011079269904982,TRUE,FALSE,FALSE,"weak_sample_separation",TRUE,FALSE,FALSE,FALSE,TRUE,FALSE,FALSE,12,8640,150,9.91110566307774,0.0660740377538516,10.0896916448519,26.4298562128324
5,8,0.809002598208641,-1.41026920558686,2.19140653766816,-3.63372776850805,6.6176197961112,0.709084475530234,0.907572008223957,0.795479795593235,1.10184094588474,0.189281584812251,0.41870920866132,0.0859462236388399,0.0147644153902132,0.032660317645349,0.540632972590883,0.877535978469586,0.87863428580635,0.936509730641564,0.731466749284713,0.859492841901757,0.731466749284713,0.859492841901757,0.883286706019547,1,0.809002598208641,1.51557187949737,0.100517722467147,0.61199148236504,1.00601371405224,0.394022231687203,4.44089209850063e-16,0.00906357594356832,0.0402326574720758,0.00906357594356832,0.011079269904982,0.049731184499484,0.011079269904982,TRUE,FALSE,FALSE,"weak_sample_separation",TRUE,FALSE,FALSE,FALSE,TRUE,FALSE,FALSE,12,8640,150,9.91110566307774,0.0660740377538516,10.0896916448519,26.4298562128324
6,8,0.768769940736566,-1.50478739476225,2.51994465365669,-4.58889644061259,9.45134980253353,0.66454570491534,0.898585252715579,0.776761601292927,1.11286046257485,0.263127777009923,0.517838707873406,0.0809495763693395,0.0191399396386828,0.037667637084536,0.50588745066766,0.82320395916302,0.86107166035749,0.936098845073668,0.702934389224512,0.850588813361343,0.702934389224512,0.850588813361343,0.867102853581259,1,0.768769940736566,1.57413823779822,0.102441470697442,0.567988347646265,0.969551533826866,0.401563186180602,1.11022302462516e-16,0.0402326574720758,0.119873238286158,0.0402326574720758,0.049731184499484,0.155928623030326,0.049731184499484,TRUE,FALSE,FALSE,"weak_sample_separation",TRUE,FALSE,FALSE,FALSE,TRUE,FALSE,FALSE,12,8640,150,9.91110566307774,0.0660740377538516,10.0896916448519,26.4298562128324
1,8,2.78196749171654,-0.367324798480057,0.143067809066146,-0.0559599232592952,0.0219929500257345,2.72238630263427,0.943101795289479,0.922903454886047,1.06033092609378,0.00312509092515856,0.0307711179580579,0.323697863920995,0.00095402787199592,0.00939380801631298,2.08795014747657,3.35682245779196,0.94123193502012,0.944971655558839,0.904491929496389,0.941314980275704,0.904491929496389,0.941314980275704,0.941532559084014,1,2.78196749171654,14.5956587059137,0.31193651817759,2.17058315062564,3.39335183280744,1.2227686821818,4.44089209850063e-16,Inf,0.765208017126606,0.765208017126606,Inf,0.275060013966754,0.275060013966754,TRUE,TRUE,TRUE,"regular_separated",TRUE,FALSE,FALSE,FALSE,TRUE,FALSE,FALSE,18,12960,150,14.084098021371,0.0938939868091403,7.10020619341481,22.1819189906936
2,8,2.01675947458993,-0.523710086900829,0.292226822928464,-0.164747669316518,0.0940244911163703,1.90945338845338,0.938559480519742,0.888621376482119,1.06546257403551,0.0108364597340063,0.0654864102238427,0.22758704090367,0.00231471087284953,0.0139881575246691,1.46339098493414,2.35551579197261,0.934022730574334,0.943096230465151,0.861205091523695,0.916037661440543,0.861205091523695,0.916037661440543,0.934752119945192,1,2.01675947458993,7.10329397888335,0.217612713765891,1.59024639303076,2.4432725561491,0.85302616311834,1.33226762955019e-15,0.765208017126606,0.455879922741408,0.455879922741408,0.275060013966754,0.226045757307823,0.226045757307823,TRUE,TRUE,TRUE,"regular_separated",TRUE,FALSE,FALSE,FALSE,TRUE,FALSE,FALSE,18,12960,150,14.084098021371,0.0938939868091403,7.10020619341481,22.1819189906936
3,8,1.56087955184853,-0.703300976138773,0.531992830373011,-0.411931180188801,0.328639808820715,1.42186636152583,0.929772423231597,0.846966142199585,1.07553200655738,0.0332755413354706,0.128355343273999,0.170270659286917,0.00526794956056694,0.0203203147735393,1.08814200169958,1.75559072135208,0.919447431820513,0.940097414642682,0.807139057088931,0.886793227310239,0.807139057088931,0.886793227310239,0.921107417290302,1,1.56087955184853,4.65956388981221,0.176249139757943,1.21543758561679,1.90632151808026,0.690883932463468,0,0.455879922741408,0.209491515894891,0.209491515894891,0.226045757307823,0.13421376149543,0.13421376149543,TRUE,TRUE,TRUE,"regular_separated",TRUE,FALSE,FALSE,FALSE,TRUE,FALSE,FALSE,18,12960,150,14.084098021371,0.0938939868091403,7.10020619341481,22.1819189906936
4,8,1.35138803595364,-0.836490432133417,0.760803993122674,-0.720347820094401,0.719950464631799,1.19547093617026,0.919706323016008,0.813594726108242,1.08730360439481,0.0686199971912997,0.19863908739181,0.143940764285496,0.00908413694304079,0.0262964842023724,0.913352222263517,1.477589650077,0.901901741777019,0.937510904254998,0.762054564151566,0.865134888064919,0.762054564151566,0.865134888064919,0.904764247417524,1,1.35138803595364,3.81611158394819,0.159501548246366,1.03877074591238,1.66400532599489,0.625234580082512,6.66133814775094e-16,0.209491515894891,0.371173369514204,0.209491515894891,0.13421376149543,0.274660837331062,0.13421376149543,TRUE,TRUE,TRUE,"regular_separated",TRUE,FALSE,FALSE,FALSE,TRUE,FALSE,FALSE,18,12960,150,14.084098021371,0.0938939868091403,7.10020619341481,22.1819189906936
5,8,0.980214666439431,-1.28212023876343,1.95834432182362,-3.73345247069004,9.6768245051176,0.779958048992715,0.839399021064922,0.667910861989379,1.19132852779758,0.636275707667139,0.84507764058775,0.098300648598411,0.0525013153732857,0.069730287026171,0.587292318082902,0.972623779902529,0.736498333792303,0.942299708337541,0.531242010786443,0.804579713192314,0.531242010786443,0.804579713192314,0.75304204205345,1,0.980214666439431,3.10886907140554,0.143964557476381,0.698049318735477,1.26238001414338,0.564330695407908,0,0.371173369514204,0.0693136850114928,0.0693136850114928,0.274660837331062,0.0707127605662854,0.0707127605662854,TRUE,TRUE,TRUE,"regular_separated",TRUE,FALSE,FALSE,FALSE,TRUE,FALSE,FALSE,18,12960,150,14.084098021371,0.0938939868091403,7.10020619341481,22.1819189906936
6,8,0.910900981427938,-1.44010023190208,2.68440134992048,-7.52575297195111,33.9552580893008,0.694396110664604,0.77257027082998,0.588944135770346,1.29438063792655,1.45162049278418,1.55785921577941,0.091223693455183,0.102305441666008,0.109792797715394,0.515600956955723,0.873191264373485,0.57205528974214,0.973085251917819,0.373754206486283,0.80413406505441,0.373754206486283,0.80413406505441,0.604292794048774,1,0.910900981427938,2.47894892334338,0.128554759365893,0.658938283029576,1.1628636798263,0.503925396796725,2.22044604925031e-16,0.0693136850114928,0.0198679876113373,0.0198679876113373,0.0707127605662854,0.0218113582227039,0.0218113582227039,TRUE,FALSE,FALSE,"weak_sample_separation",TRUE,FALSE,FALSE,FALSE,TRUE,FALSE,FALSE,18,12960,150,14.084098021371,0.0938939868091403,7.10020619341481,22.1819189906936
1,8,2.83385114856947,-0.366217718905081,0.142460602180598,-0.055773403412654,0.0219961795961893,2.73061610178176,0.941421105815788,0.907125849357137,1.06222390152752,0.00469831442947077,0.0373002808311117,0.324966093627922,0.00143735504782487,0.0114112726473956,2.09369426207436,3.36753794148915,0.938603941689054,0.944238269942521,0.884760165950474,0.929491532763799,0.884760165950474,0.929491532763799,0.939056867152156,1,2.83385114856947,14.615253323218,0.312145834754825,2.22205655452582,3.44564574261312,1.2235891880873,4.44089209850063e-16,Inf,0.571890918608675,0.571890918608675,Inf,0.20180697172375,0.20180697172375,TRUE,TRUE,TRUE,"regular_separated",TRUE,FALSE,FALSE,FALSE,TRUE,FALSE,FALSE,24,17280,150,16.1784994621975,0.107856663081317,6.18104294737955,20.3514543594733
2,8,2.26196022996079,-0.471260947822372,0.236979037335066,-0.120632402301962,0.0623158900876203,2.12196661875093,0.937158338728631,0.879157239338689,1.06705554299034,0.0115849570918215,0.0642918699292689,0.253105410532194,0.00274795003876372,0.0152500216499765,1.62588912981561,2.61804410768626,0.931772455621339,0.942544221835924,0.849267746141279,0.909046732536099,0.849267746141279,0.909046732536099,0.932638363140689,1,2.26196022996079,10.3427904942491,0.26258700772949,1.74729915200285,2.77662130791873,1.02932215591588,4.44089209850063e-16,0.571890918608675,0.646254265872527,0.571890918608675,0.20180697172375,0.285705406006952,0.20180697172375,TRUE,TRUE,TRUE,"regular_separated",TRUE,FALSE,FALSE,FALSE,TRUE,FALSE,FALSE,24,17280,150,16.1784994621975,0.107856663081317,6.18104294737955,20.3514543594733
3,8,1.61570596408826,-0.700421879194525,0.533078837941837,-0.421822417114568,0.351581856000908,1.42771096920899,0.920296912832838,0.813216034714617,1.0866058399803,0.0556082355900434,0.164743127234693,0.17184847478087,0.00879453258927591,0.0260543925904413,1.09089414784035,1.76452779057764,0.903059945696994,0.937533879968683,0.762150363598285,0.864281705830949,0.762150363598285,0.864281705830949,0.905831194006025,1,1.61570596408826,5.38528250934402,0.189477923240748,1.24433605867095,1.98707586950558,0.742739810834622,2.22044604925031e-16,0.646254265872527,0.0792008301929987,0.0792008301929987,0.285705406006952,0.0490193339341242,0.0490193339341242,TRUE,FALSE,FALSE,"weak_sample_separation",TRUE,FALSE,FALSE,FALSE,TRUE,TRUE,FALSE,24,17280,150,16.1784994621975,0.107856663081317,6.18104294737955,20.3514543594733
4,8,1.53650513389527,-0.745476156398727,0.607199445505113,-0.518830486788387,0.473131841423254,1.34142452634681,0.915242436192802,0.79903973268866,1.09260668043297,0.0731323786972191,0.194637705510106,0.161907712418862,0.0108371075801262,0.0288423512449233,1.02409124118657,1.65875781150705,0.894002095639169,0.936482776746436,0.742509763019156,0.855569702358164,0.742509763019156,0.855569702358164,0.897416980483968,1,1.53650513389527,5.60386973636189,0.193285104381445,1.15767329055957,1.91533697723096,0.757663686671393,4.44089209850063e-16,0.0792008301929987,0.453902859435105,0.0792008301929987,0.0490193339341242,0.295412523799641,0.0490193339341242,TRUE,FALSE,FALSE,"weak_sample_separation",TRUE,FALSE,FALSE,FALSE,TRUE,TRUE,FALSE,24,17280,150,16.1784994621975,0.107856663081317,6.18104294737955,20.3514543594733
5,8,1.08260227446016,-1.21584750461952,1.8966571150486,-4.28880030047691,14.7834703084553,0.822471565061059,0.779416133132549,0.592135839702558,1.28301167693425,1.09320163069978,1.20726830827888,0.107573565887184,0.091659023656794,0.101222895503548,0.611631250233632,1.03331187988849,0.599767747907128,0.95906451835797,0.393742610104742,0.790529069300373,0.393742610104742,0.790529069300373,0.62865045562784,1,1.08260227446016,4.49476327397819,0.173104270580445,0.743324138552412,1.42188041036791,0.678556271815498,2.22044604925031e-16,0.453902859435105,0.0476924674483361,0.0476924674483361,0.295412523799641,0.0440535444765419,0.0440535444765419,TRUE,FALSE,FALSE,"weak_sample_separation",TRUE,FALSE,FALSE,FALSE,TRUE,TRUE,FALSE,24,17280,150,16.1784994621975,0.107856663081317,6.18104294737955,20.3514543594733
6,8,1.03490980701182,-1.31811396991872,2.44751714917381,-7.87110337749254,41.4003968213931,0.758659738703523,0.709872222256495,0.520384936929918,1.40870422682728,1.92960535622536,1.87796940878996,0.103974373997067,0.142421315386256,0.13861014253102,0.554873710354173,0.962445767052873,0.430731573468613,0.989012871044378,0.248714049677156,0.79205582418268,0.248714049677156,0.79205582418268,0.475610005088213,1,1.03490980701182,3.68753720465141,0.156791521978526,0.727604070852693,1.34221554317096,0.614611472318264,2.22044604925031e-16,0.0476924674483361,0.0683029379659261,0.0476924674483361,0.0440535444765419,0.0659989281221931,0.0440535444765419,TRUE,FALSE,FALSE,"weak_sample_separation",TRUE,FALSE,FALSE,FALSE,TRUE,TRUE,FALSE,24,17280,150,16.1784994621975,0.107856663081317,6.18104294737955,20.3514543594733
