"fpca_gap_sym","fpca_gap_legacy_asymmetric","fpca_gap_wald_se","fpca_gap_wald_ci_raw_lower","fpca_gap_wald_ci_raw_upper","fpca_gap_wald_ci_lower","fpca_gap_wald_ci_upper","fpca_gap_wald_regular","fpca_p_equal_general","fpca_equality_draws","fpca_anderson_Q","fpca_anderson_p_equal","fpca_pair_score_identity_error","sample_lambda_upper","sample_lambda_lower","sample_gap_sym","raw_relative_gap","raw_relative_gap_legacy","lambda_pool","alpha_hat_upper","alpha_hat_lower","alpha_pool","proposed_gap_sym","corrected_relative_gap","corrected_relative_gap_legacy","Delta_pool","r2_pool","T_sample_HC","p_sample_HC","T_proposed","T2_proposed","p_proposed","proposed_gap_ci_raw_lower","proposed_gap_ci_raw_upper","proposed_gap_ci_raw_empty","proposed_gap_upper95","proposed_gap_upper95_boundary_fallback","proposed_gap_ci_boundary_lower","proposed_gap_ci_boundary_upper","proposed_gap_local_inference_valid","inference_valid","pair","upper_rank","fpca_p_equal","proposed_p_equal","sample_HC_p_equal","fpca_reject_equal","proposed_reject_equal","phase_separation_certified","gap_inference_valid","phase_valid","fpca_simple_gap_wald_valid","fpca_equality_rejected","proposed_equality_rejected","prespecified_cluster_member","equality_evidence","cluster","multiplicity","pooled_alpha","pooled_alpha_se","pooled_alpha_ci_lower","pooled_alpha_ci_upper","pooled_Delta","pooled_Delta_se","pooled_Delta_ci_lower","pooled_Delta_ci_upper","pooled_Delta_one_sided_lower","pooled_r2","pooled_r2_se","pooled_r2_ci_lower","pooled_r2_ci_upper","pooled_inference_valid","K0_sensitivity","domain_hours"
0.380214568262639,0.319479237991694,0.123195174840176,0.138756462506779,0.621672674018499,0.138756462506779,0.621672674018499,FALSE,0.0557994420055799,100000,5.52150477611421,0.0632441662988704,2.22044604925031e-16,1.65080212076858,1.12340511715036,0.380214568262639,0.319479237991694,0.319479237991694,1.38710361895947,1.66279435746887,1.11215300259408,1.38761810865221,0.39686616243581,0.331154211825074,0.331154211825074,0.957901784747352,0.958257079469515,2.37806018569198,0.0591555346387891,2.37859333044361,5.65770623163082,0.0590805734039322,0,0.697279058575439,FALSE,0.643474118096457,FALSE,0,0.697279058575439,TRUE,TRUE,"PC1-PC2",1,0.0557994420055799,0.0590805734039322,0.0591555346387891,FALSE,FALSE,TRUE,TRUE,TRUE,FALSE,FALSE,FALSE,FALSE,"both_insufficient_evidence","PC1-PC2",2,1.38761810865221,0.115761418032004,1.1607298985102,1.61450631879422,0.957901784747352,0.000400393431213069,0.957117028042528,0.958686541452176,0.957243196159814,0.958257079469515,0.00373756145851082,0.950931593620828,0.965582565318201,TRUE,6,6
0.474893166445695,0.383768619093737,0.172965480648825,0.135887053805339,0.813899279086052,0.135887053805339,0.813899279086052,TRUE,0.011879881201188,100000,8.70490030619415,0.0128752276234536,2.22044604925031e-16,1.12340511715036,0.692277486658729,0.474893166445695,0.383768619093737,0.383768619093737,0.907841301904545,1.11215300259408,0.659833296594336,0.886517262362564,0.510522802808254,0.40670636589095,0.40670636589095,0.953877093120698,0.931471731292344,3.04921526054989,0.00957253850093733,3.05335280502742,9.32296335196883,0.0094524465577462,0.128479026669097,0.816516073385175,FALSE,0.763007624614666,FALSE,0.128479026669097,0.816516073385175,TRUE,TRUE,"PC2-PC3",2,0.011879881201188,0.0094524465577462,0.00957253850093733,TRUE,TRUE,TRUE,TRUE,TRUE,TRUE,TRUE,TRUE,FALSE,"both_reject_equality","PC2-PC3",2,0.886517262362564,0.074113164514438,0.741258129133973,1.03177639559115,0.953877093120698,0.00129089635714116,0.951346982752928,0.956407203488469,0.951753757565636,0.931471731292344,0.00659696531116714,0.918541916875196,0.944401545709491,TRUE,6,6
0.179730186805041,0.164910490200149,0.152725826602577,-0.119606932845119,0.479067306455201,0,0.479067306455201,FALSE,0.650213497865021,100000,1.21627805853347,0.544362970593301,2.22044604925031e-16,0.692277486658729,0.578113666979311,0.179730186805041,0.164910490200149,0.164910490200149,0.63519557681902,0.659833296594336,0.538620065467068,0.599402332868865,0.202282767046978,0.183702810623376,0.183702810623376,0.942277648126751,0.889180342416468,1.20153451637138,0.485856193500187,1.20244152098218,1.44586561138195,0.48532679749169,0,0.485434647126416,FALSE,0.42850101192403,FALSE,0,0.485434647126416,TRUE,TRUE,"PC3-PC4",3,0.650213497865021,0.48532679749169,0.485856193500187,FALSE,FALSE,TRUE,TRUE,TRUE,FALSE,FALSE,FALSE,FALSE,"both_insufficient_evidence","PC3-PC4",2,0.599402332868865,0.0504177377241967,0.500585382747454,0.698219282990277,0.942277648126751,0.00442886049560996,0.933597241062803,0.950958055190698,0.934992820877285,0.889180342416468,0.0124677112004823,0.864744077493876,0.91361660733906,TRUE,6,6
0.271568799900688,0.239102421121967,0.198202673815244,-0.116901302416729,0.660038902218106,0,0.660038902218106,FALSE,0.336086639133609,100000,2.79142360531341,0.247656690922547,2.22044604925031e-16,0.578113666979311,0.439885289520859,0.271568799900688,0.239102421121967,0.239102421121967,0.508999478250085,0.538620065467068,0.387544999582431,0.464174861325467,0.326237884769629,0.280485402551113,0.280485402551113,0.919334632026943,0.838374190087364,1.90192951237781,0.163872280004252,1.91552064376832,3.66921933670261,0.15967581613026,0,0.627695179985172,FALSE,0.572247480749475,FALSE,0,0.627695179985172,TRUE,TRUE,"PC4-PC5",4,0.336086639133609,0.15967581613026,0.163872280004252,FALSE,FALSE,TRUE,TRUE,TRUE,FALSE,FALSE,FALSE,FALSE,"both_insufficient_evidence","PC4-PC5",2,0.464174861325467,0.039527484450429,0.386702415403159,0.541647307247775,0.919334632026943,0.0124578312300138,0.894917731490638,0.943751532563249,0.898843323144306,0.838374190087364,0.0228996895357599,0.793491623340126,0.883256756834602,TRUE,6,6
0.225139108539099,0.20235958073373,0.195686681275087,-0.15839973901424,0.608677956092438,0,0.608677956092438,FALSE,0.469665303346967,100000,1.91293168740393,0.384248483315012,1.66533453693773e-16,0.439885289520859,0.350870286762482,0.225139108539099,0.20235958073373,0.20235958073373,0.395377788141671,0.387544999582431,0.262982291134185,0.334622942138457,0.382959209323959,0.32141482558789,0.32141482558789,0.790202882650804,0.668778119078747,1.83254152857057,0.186540999617474,2.08467067146466,4.34585180846492,0.113844032394422,0,0.710414239290132,FALSE,0.650853463718411,FALSE,0,0.710414239290132,TRUE,TRUE,"PC5-PC6",5,0.469665303346967,0.113844032394422,0.186540999617474,FALSE,FALSE,TRUE,TRUE,TRUE,FALSE,FALSE,FALSE,FALSE,"both_insufficient_evidence","PC5-PC6",2,0.334622942138457,0.03073553513682,0.274382400224724,0.394863484052189,0.790202882650804,0.0829559496304806,0.627612209071744,0.952793556229865,0.653752488023905,0.668778119078747,0.0905550412778396,0.491293499555644,0.846262738601851,TRUE,6,6
0.380214568262639,0.319479237991694,0.123195174840176,0.138756462506779,0.621672674018499,0.138756462506779,0.621672674018499,FALSE,0.0557994420055799,100000,5.52150477611421,0.0632441662988704,2.22044604925031e-16,1.65080212076858,1.12340511715036,0.380214568262639,0.319479237991694,0.319479237991694,1.38710361895947,1.69097797221151,1.13308453537474,1.41211601403738,0.395099921009618,0.329923538925315,0.329923538925315,0.945398763302015,0.962446291006984,2.35220624583652,0.0628856606737109,2.3525024892952,5.53426796214009,0.0628418528348452,0,0.697251503916905,FALSE,0.643069732831752,FALSE,0,0.697251503916905,TRUE,TRUE,"PC1-PC2",1,0.0557994420055799,0.0628418528348452,0.0628856606737109,FALSE,FALSE,TRUE,TRUE,TRUE,FALSE,FALSE,FALSE,FALSE,"both_insufficient_evidence","PC1-PC2",2,1.41211601403738,0.118581580283415,1.17970038745204,1.64453164062271,0.945398763302015,0.000232743373440939,0.944942594672431,0.9458549319316,0.945015934520062,0.962446291006984,0.00327206252366317,0.956033166305441,0.968859415708527,TRUE,8,6
0.474893166445695,0.383768619093737,0.172965480648825,0.135887053805339,0.813899279086052,0.135887053805339,0.813899279086052,TRUE,0.011879881201188,100000,8.70490030619415,0.0128752276234536,2.22044604925031e-16,1.12340511715036,0.692277486658729,0.474893166445695,0.383768619093737,0.383768619093737,0.907841301904545,1.13308453537474,0.675845461798683,0.904733209421304,0.505535398595325,0.403534828427283,0.403534828427283,0.943221486669411,0.939992266312727,3.00465156606522,0.010954931960959,3.00658888610187,9.03957673003129,0.0108913284107816,0.118462770147538,0.812970565423984,FALSE,0.759139664125923,FALSE,0.118462770147538,0.812970565423984,TRUE,TRUE,"PC2-PC3",2,0.011879881201188,0.0108913284107816,0.010954931960959,TRUE,TRUE,TRUE,TRUE,TRUE,TRUE,TRUE,TRUE,FALSE,"both_reject_equality","PC2-PC3",2,0.904733209421304,0.0760620558669439,0.75565431933202,1.05381209951059,0.943221486669411,0.000671499450378603,0.941905371931031,0.944537601407792,0.94211696836296,0.939992266312727,0.00541139140524725,0.929386134052193,0.950598398573262,TRUE,8,6
0.179730186805041,0.164910490200149,0.152725826602577,-0.119606932845119,0.479067306455201,0,0.479067306455201,FALSE,0.650213497865021,100000,1.21627805853347,0.544362970593301,2.22044604925031e-16,0.692277486658729,0.578113666979311,0.179730186805041,0.164910490200149,0.164910490200149,0.63519557681902,0.675845461798683,0.554106102086833,0.615048226001714,0.197957973771367,0.180128988937582,0.180128988937582,0.937916516594893,0.908167359348215,1.17368853617034,0.502192186978721,1.17400710608892,1.37829268514729,0.502004426011326,0,0.480827922080348,FALSE,0.42357969336628,FALSE,0,0.480827922080348,TRUE,TRUE,"PC3-PC4",3,0.650213497865021,0.502004426011326,0.502192186978721,FALSE,FALSE,TRUE,TRUE,TRUE,FALSE,FALSE,FALSE,FALSE,"both_insufficient_evidence","PC3-PC4",2,0.615048226001714,0.0518539027402406,0.513416444172999,0.716680007830428,0.937916516594893,0.00187020680414774,0.934250978615121,0.941582054574664,0.934840300149941,0.908167359348215,0.00884218066087351,0.890837003708106,0.925497714988323,TRUE,8,6
0.271568799900688,0.239102421121967,0.198202673815244,-0.116901302416729,0.660038902218106,0,0.660038902218106,FALSE,0.336086639133609,100000,2.79142360531341,0.247656690922547,2.22044604925031e-16,0.578113666979311,0.439885289520859,0.271568799900688,0.239102421121967,0.239102421121967,0.508999478250085,0.554106102086833,0.405301598257447,0.480010595122324,0.310200770279389,0.268548754956804,0.268548754956804,0.929797387658786,0.87684293690767,1.82880693422765,0.187820717523749,1.83169291935775,3.3550989508253,0.186831250101973,0,0.608780147882774,FALSE,0.553511338858261,FALSE,0,0.608780147882774,TRUE,TRUE,"PC4-PC5",4,0.336086639133609,0.186831250101973,0.187820717523749,FALSE,FALSE,TRUE,TRUE,TRUE,FALSE,FALSE,FALSE,FALSE,"both_insufficient_evidence","PC4-PC5",2,0.480010595122324,0.0406453654910187,0.400347142621461,0.559674047623188,0.929797387658786,0.00397300611252738,0.922010438767875,0.937584336549697,0.923262374144695,0.87684293690767,0.0128908406640419,0.851577353475704,0.902108520339637,TRUE,8,6
0.225139108539099,0.20235958073373,0.195686681275087,-0.15839973901424,0.608677956092438,0,0.608677956092438,FALSE,0.469665303346967,100000,1.91293168740393,0.384248483315012,1.66533453693773e-16,0.439885289520859,0.350870286762482,0.225139108539099,0.20235958073373,0.20235958073373,0.395377788141671,0.405301598257447,0.306677283375516,0.35654636128467,0.27704280962865,0.243335617984127,0.243335617984127,0.90521449088896,0.816310229326707,1.60689347056329,0.274980989479796,1.61412909428975,2.60541273303263,0.271795219283562,0,0.576041538293053,FALSE,0.519578726126684,FALSE,0,0.576041538293053,TRUE,TRUE,"PC5-PC6",5,0.469665303346967,0.271795219283562,0.274980989479796,FALSE,FALSE,TRUE,TRUE,TRUE,FALSE,FALSE,FALSE,FALSE,"both_insufficient_evidence","PC5-PC6",2,0.35654636128467,0.0305981120229549,0.296575163724756,0.416517558844583,0.90521449088896,0.0118599496855411,0.881969416646842,0.928459565131078,0.885706609633236,0.816310229326707,0.0235633733283773,0.770126866248816,0.862493592404598,TRUE,8,6
0.380214568262639,0.319479237991694,0.123195174840176,0.138756462506779,0.621672674018499,0.138756462506779,0.621672674018499,FALSE,0.0557994420055799,100000,5.52150477611421,0.0632441662988704,2.22044604925031e-16,1.65080212076858,1.12340511715036,0.380214568262639,0.319479237991694,0.319479237991694,1.38710361895947,1.71853662944024,1.1529113928805,1.43578271568344,0.393965157762176,0.329131906105472,0.329131906105472,0.932455079343759,0.965178713236506,2.32943508050869,0.0663286136042251,2.32963245468204,5.42718737390786,0.0662981233942116,0,0.697989785627539,FALSE,0.643413112296676,FALSE,0,0.697989785627539,TRUE,TRUE,"PC1-PC2",1,0.0557994420055799,0.0662981233942116,0.0663286136042251,FALSE,FALSE,TRUE,TRUE,TRUE,FALSE,FALSE,FALSE,FALSE,"both_insufficient_evidence","PC1-PC2",2,1.43578271568344,0.121402919795268,1.19783736526671,1.67372806610017,0.932455079343759,0.000158761093560064,0.932143913318235,0.932766245369283,0.932193940583197,0.965178713236506,0.00300612907799682,0.959286808510753,0.971070617962258,TRUE,10,6
0.474893166445695,0.383768619093737,0.172965480648825,0.135887053805339,0.813899279086052,0.135887053805339,0.813899279086052,TRUE,0.011879881201188,100000,8.70490030619415,0.0128752276234536,2.22044604925031e-16,1.12340511715036,0.692277486658729,0.474893166445695,0.383768619093737,0.383768619093737,0.907841301904545,1.1529113928805,0.689744639631896,0.921502895454262,0.502716453940776,0.401736643517246,0.401736643517246,0.931024545025852,0.945035010172426,2.9692326098928,0.012177428718703,2.97042984070365,8.82345343854271,0.012134207859514,0.11052193838902,0.81193433980908,FALSE,0.757735000998181,FALSE,0.11052193838902,0.81193433980908,TRUE,TRUE,"PC2-PC3",2,0.011879881201188,0.012134207859514,0.012177428718703,TRUE,TRUE,TRUE,TRUE,TRUE,TRUE,TRUE,TRUE,FALSE,"both_reject_equality","PC2-PC3",2,0.921502895454262,0.0779777158091683,0.768669380871593,1.07433641003693,0.931024545025852,0.000435687155285201,0.930170613892967,0.931878476158738,0.930307903428265,0.945035010172426,0.00483773922007296,0.935553215534486,0.954516804810366,TRUE,10,6
0.179730186805041,0.164910490200149,0.152725826602577,-0.119606932845119,0.479067306455201,0,0.479067306455201,FALSE,0.650213497865021,100000,1.21627805853347,0.544362970593301,2.22044604925031e-16,0.692277486658729,0.578113666979311,0.179730186805041,0.164910490200149,0.164910490200149,0.63519557681902,0.689744639631896,0.566683110410902,0.628257284708774,0.195891135350683,0.178416071905495,0.178416071905495,0.92777439660028,0.91764024263111,1.1552750659216,0.513076542663324,1.1554512023924,1.33506748111004,0.512972141396967,0,0.479660565111397,FALSE,0.421972317711698,FALSE,0,0.479660565111397,TRUE,TRUE,"PC3-PC4",3,0.650213497865021,0.512972141396967,0.513076542663324,FALSE,FALSE,TRUE,TRUE,TRUE,FALSE,FALSE,FALSE,FALSE,"both_insufficient_evidence","PC3-PC4",2,0.628257284708774,0.0532562658375873,0.523876921716012,0.732637647701536,0.92777439660028,0.00111724356682729,0.92558463944734,0.929964153753221,0.925936694467196,0.91764024263111,0.00751153773011945,0.902917899211562,0.932362586050658,TRUE,10,6
0.271568799900688,0.239102421121967,0.198202673815244,-0.116901302416729,0.660038902218106,0,0.660038902218106,FALSE,0.336086639133609,100000,2.79142360531341,0.247656690922547,2.22044604925031e-16,0.578113666979311,0.439885289520859,0.271568799900688,0.239102421121967,0.239102421121967,0.508999478250085,0.566683110410902,0.416897575357321,0.491953575018352,0.304571932370939,0.264319744671711,0.264319744671711,0.923239615460098,0.892321208237089,1.79073576473771,0.201217817290537,1.79210201563492,3.21162963444273,0.200725933311199,0,0.603617928710168,FALSE,0.548083579992175,FALSE,0,0.603617928710168,TRUE,TRUE,"PC4-PC5",4,0.336086639133609,0.200725933311199,0.201217817290537,FALSE,FALSE,TRUE,TRUE,TRUE,FALSE,FALSE,FALSE,FALSE,"both_insufficient_evidence","PC4-PC5",2,0.491953575018352,0.0418043308006232,0.410018592251332,0.573888557785372,0.923239615460098,0.00215903058608819,0.919007993269845,0.927471237650351,0.919688326169872,0.892321208237089,0.0102515829917774,0.872228474788682,0.912413941685496,TRUE,10,6
0.225139108539099,0.20235958073373,0.195686681275087,-0.15839973901424,0.608677956092438,0,0.608677956092438,FALSE,0.469665303346967,100000,1.91293168740393,0.384248483315012,1.66533453693773e-16,0.439885289520859,0.350870286762482,0.225139108539099,0.20235958073373,0.20235958073373,0.395377788141671,0.416897575357321,0.319163895074368,0.368255552982117,0.265558473603118,0.234430915553265,0.234430915553265,0.911619490943721,0.849083964288014,1.55032495621517,0.300666460005259,1.55268228703497,2.41082228447214,0.299568808800623,0,0.562324974243842,FALSE,0.505900722919642,FALSE,0,0.562324974243842,TRUE,TRUE,"PC5-PC6",5,0.469665303346967,0.299568808800623,0.300666460005259,FALSE,FALSE,TRUE,TRUE,TRUE,FALSE,FALSE,FALSE,FALSE,"both_insufficient_evidence","PC5-PC6",2,0.368255552982117,0.0314917557063627,0.306532845987713,0.429978259976522,0.911619490943721,0.00519783744485217,0.901431916754317,0.921807065133125,0.903069809170252,0.849083964288014,0.0157993328039621,0.818117841012486,0.880050087563542,TRUE,10,6
0.512912700595581,0.408221662832948,0.159217191141584,0.200852740238447,0.824972660952715,0.200852740238447,0.824972660952715,TRUE,0.00518994810051899,100000,10.2048702174449,0.00608191838621713,1.33226762955019e-15,2.59188319572135,1.5338203276952,0.512912700595581,0.408221662832948,0.408221662832948,2.06285176170827,2.5632932940917,1.45599666935758,2.01048091913747,0.550991162520582,0.431982023784166,0.431982023784166,0.956010598655411,0.931739789919869,3.29606523095149,0.00437423774816239,3.29907068359719,10.8838673753704,0.00433110017313653,0.179551628031666,0.857998680299224,FALSE,0.804647585781707,FALSE,0.179551628031666,0.857998680299224,TRUE,TRUE,"PC1-PC2",1,0.00518994810051899,0.00433110017313653,0.00437423774816239,TRUE,TRUE,TRUE,TRUE,TRUE,TRUE,TRUE,TRUE,FALSE,"both_reject_equality","PC1-PC2",2,2.01048091913747,0.167889282331645,1.68142397237717,2.33953786589778,0.956010598655411,0.000781012169771234,0.954479842931172,0.95754135437965,0.95472594795527,0.931739789919869,0.00607229394950506,0.919838312475298,0.943641267364439,TRUE,6,12
0.386839293116848,0.324143560257628,0.158892174861015,0.0754163529640176,0.698262233269678,0.0754163529640176,0.698262233269678,FALSE,0.0632593674063259,100000,5.71933731647181,0.0572877389415617,4.44089209850063e-16,1.5338203276952,1.03664234588056,0.386839293116848,0.324143560257628,0.324143560257628,1.28523133678788,1.45599666935758,0.929127812551947,1.19394995288868,0.441795688905783,0.361861306343579,0.361861306343579,0.945241883024765,0.87810767556167,2.6228286555245,0.0320770301025462,2.63031999196781,6.91858326014553,0.031452033804002,0,0.746326129344786,FALSE,0.692347620258917,FALSE,0,0.746326129344786,TRUE,TRUE,"PC2-PC3",2,0.0632593674063259,0.031452033804002,0.0320770301025462,FALSE,TRUE,TRUE,TRUE,TRUE,FALSE,FALSE,TRUE,FALSE,"methods_differ","PC2-PC3",2,1.19394995288868,0.100269538224674,0.997425269221854,1.3904746365555,0.945241883024765,0.00340018181090056,0.938577649134512,0.951906116915019,0.939649081640811,0.87810767556167,0.0121475994837339,0.854298818074934,0.901916533048405,TRUE,6,12
0.235698676495525,0.210850128394748,0.161846248811659,-0.0815141422082351,0.552911495199284,0,0.552911495199284,FALSE,0.38649613503865,100000,2.09787204938958,0.350310272377205,4.44089209850063e-16,1.03664234588056,0.81806617415221,0.235698676495525,0.210850128394748,0.210850128394748,0.927354260016384,0.929127812551947,0.687956450449593,0.810483696005019,0.29827927662187,0.25956747698678,0.25956747698678,0.910950156981464,0.796146933205057,1.73032171754892,0.223799073468485,1.74335576631381,3.03928932793961,0.218789616975202,0,0.598568876899152,FALSE,0.542568734543122,FALSE,0,0.598568876899152,TRUE,TRUE,"PC3-PC4",3,0.38649613503865,0.218789616975202,0.223799073468485,FALSE,FALSE,TRUE,TRUE,TRUE,FALSE,FALSE,FALSE,FALSE,"both_insufficient_evidence","PC3-PC4",2,0.810483696005019,0.0693348125578979,0.674589960516703,0.946377431493334,0.910950156981464,0.0152137677488881,0.881131720124487,0.940768593838442,0.885925735920108,0.796146933205057,0.0271805342673188,0.742874064960556,0.849419801449559,TRUE,6,12
0.0111409869054486,0.011079269904982,0.150456777593339,-0.283748878407449,0.306030852218346,0,0.306030852218346,FALSE,0.99790002099979,100000,0.00465463181395787,0.997675390192963,4.44089209850063e-16,0.81806617415221,0.809002598208641,0.0111409869054486,0.011079269904982,0.011079269904982,0.813534386180426,0.687956450449593,0.677436440375061,0.682707087993351,0.0154094988266387,0.0152916802621105,0.0152916802621105,0.861595417255438,0.723039257264317,0.0875848740841537,0.996171791261794,0.0875902645655144,0.00767205444665681,0.996171320930192,,,TRUE,0.446034433028914,TRUE,0,0.446034433028914,TRUE,TRUE,"PC4-PC5",4,0.99790002099979,0.996171320930192,0.996171791261794,FALSE,FALSE,TRUE,TRUE,TRUE,FALSE,FALSE,FALSE,FALSE,"both_insufficient_evidence","PC4-PC5",2,0.682707087993351,0.0600533296911252,0.565004724647036,0.800409451339667,0.861595417255438,0.0397870756267266,0.783614181976883,0.939576652533994,0.796151501605024,0.723039257264317,0.0510037825210736,0.623073680447699,0.823004834080935,TRUE,6,12
0.0509993126119088,0.049731184499484,0.138204357918382,-0.219876251414602,0.32187487663842,0,0.32187487663842,FALSE,0.960490395096049,100000,0.0975665946810339,0.952387492240468,4.44089209850063e-16,0.809002598208641,0.768769940736566,0.0509993126119088,0.049731184499484,0.049731184499484,0.788886269472604,0.677436440375061,0.629405029811046,0.653739982062436,0.0735076314301151,0.0709017225843691,0.0709017225843691,0.838980492187948,0.695252425017304,0.411446502995083,0.918839229696013,0.412310119846228,0.169999634927611,0.91851245206321,0,0.27994251042112,FALSE,0.180004923548474,FALSE,0,0.27994251042112,TRUE,TRUE,"PC5-PC6",5,0.960490395096049,0.91851245206321,0.918839229696013,FALSE,FALSE,TRUE,TRUE,TRUE,FALSE,FALSE,FALSE,FALSE,"both_insufficient_evidence","PC5-PC6",2,0.653739982062436,0.0582751615101004,0.539522764309384,0.767957199815487,0.838980492187948,0.0534429797065128,0.734234176736677,0.943726807639218,0.751074613182596,0.695252425017304,0.0631744381329802,0.571432801533109,0.8190720485015,TRUE,6,12
0.512912700595581,0.408221662832948,0.159217191141584,0.200852740238447,0.824972660952715,0.200852740238447,0.824972660952715,TRUE,0.00518994810051899,100000,10.2048702174449,0.00608191838621713,1.33226762955019e-15,2.59188319572135,1.5338203276952,0.512912700595581,0.408221662832948,0.408221662832948,2.06285176170827,2.60788588553313,1.48673885577153,2.04784644440065,0.547618939753864,0.429906475578935,0.429906475578935,0.944010503417474,0.937143709880268,3.25642669011168,0.00498083667994701,3.25823576974007,10.6161003312136,0.00495157205671357,0.172500404706658,0.856357287248088,FALSE,0.802653152292471,FALSE,0.172500404706658,0.856357287248088,TRUE,TRUE,"PC1-PC2",1,0.00518994810051899,0.00495157205671357,0.00498083667994701,TRUE,TRUE,TRUE,TRUE,TRUE,TRUE,TRUE,TRUE,FALSE,"both_reject_equality","PC1-PC2",2,2.04784644440065,0.172093055554244,1.71055025352488,2.38514263527641,0.944010503417474,0.000499446885467476,0.943031605509767,0.944989401325181,0.943188986396444,0.937143709880268,0.00544599279692286,0.926469760138234,0.947817659622301,TRUE,8,12
0.386839293116848,0.324143560257628,0.158892174861015,0.0754163529640176,0.698262233269678,0.0754163529640176,0.698262233269678,FALSE,0.0632593674063259,100000,5.71933731647181,0.0572877389415617,4.44089209850063e-16,1.5338203276952,1.03664234588056,0.386839293116848,0.324143560257628,0.324143560257628,1.28523133678788,1.48673885577153,0.956186824184032,1.22218805549602,0.434357897942395,0.356856235732248,0.356856235732248,0.937801246333038,0.891800136590264,2.57237383293046,0.0365690301270248,2.57583926647637,6.63494792672155,0.0362442705719496,0,0.739665644987221,FALSE,0.685437074621985,FALSE,0,0.739665644987221,TRUE,TRUE,"PC2-PC3",2,0.0632593674063259,0.0362442705719496,0.0365690301270248,FALSE,TRUE,TRUE,TRUE,TRUE,FALSE,FALSE,TRUE,FALSE,"methods_differ","PC2-PC3",2,1.22218805549602,0.103047391501597,1.02021887945209,1.42415723153995,0.937801246333038,0.00184117588357871,0.93419260791202,0.941409884754056,0.934772781503078,0.891800136590264,0.00988653030743342,0.872422893255631,0.911177379924897,TRUE,8,12
0.235698676495525,0.210850128394748,0.161846248811659,-0.0815141422082351,0.552911495199284,0,0.552911495199284,FALSE,0.38649613503865,100000,2.09787204938958,0.350310272377205,4.44089209850063e-16,1.03664234588056,0.81806617415221,0.235698676495525,0.210850128394748,0.210850128394748,0.927354260016384,0.956186824184032,0.719061880708019,0.838265046879819,0.283092227182223,0.247990180871154,0.247990180871154,0.922846410973668,0.834190258579335,1.66215828060547,0.251230339129237,1.66536062739477,2.77342601927669,0.249895359775653,0,0.580137965265529,FALSE,0.524336844442929,FALSE,0,0.580137965265529,TRUE,TRUE,"PC3-PC4",3,0.38649613503865,0.249895359775653,0.251230339129237,FALSE,FALSE,TRUE,TRUE,TRUE,FALSE,FALSE,FALSE,FALSE,"both_insufficient_evidence","PC3-PC4",2,0.838265046879819,0.0712477271248608,0.698622067734755,0.977908026024884,0.922846410973668,0.0057203537327075,0.911634723678732,0.934058098268604,0.913437266388979,0.834190258579335,0.016926951617671,0.801014043040648,0.867366474118022,TRUE,8,12
0.0111409869054486,0.011079269904982,0.150456777593339,-0.283748878407449,0.306030852218346,0,0.306030852218346,FALSE,0.99790002099979,100000,0.00465463181395787,0.997675390192963,4.44089209850063e-16,0.81806617415221,0.809002598208641,0.0111409869054486,0.011079269904982,0.011079269904982,0.813534386180426,0.719061880708019,0.709084475530234,0.714075453847652,0.0139725247824959,0.013875586295801,0.013875586295801,0.908415119779521,0.797356510010835,0.0815509322989182,0.996680245331981,0.0815516400687494,0.00665066999790286,0.996680187804057,,,TRUE,0.433353462114122,TRUE,0,0.433353462114122,TRUE,TRUE,"PC4-PC5",4,0.99790002099979,0.996680187804057,0.996680245331981,FALSE,FALSE,TRUE,TRUE,TRUE,FALSE,FALSE,FALSE,FALSE,"both_insufficient_evidence","PC4-PC5",2,0.714075453847652,0.0611725096334493,0.594179538122162,0.833971369573142,0.908415119779521,0.0101614166776674,0.888499109059389,0.928331130499654,0.891701076702295,0.797356510010835,0.0227610828732202,0.752745607330191,0.841967412691478,TRUE,8,12
0.0509993126119088,0.049731184499484,0.138204357918382,-0.219876251414602,0.32187487663842,0,0.32187487663842,FALSE,0.960490395096049,100000,0.0975665946810339,0.952387492240468,4.44089209850063e-16,0.809002598208641,0.768769940736566,0.0509993126119088,0.049731184499484,0.049731184499484,0.788886269472604,0.709084475530234,0.66454570491534,0.686870309805901,0.0648482702970995,0.0628116566528821,0.0628116566528821,0.903447872225792,0.786617214549914,0.377370597707568,0.931271628794362,0.377455345464962,0.142472537820073,0.931241842638049,0,0.248777231013183,FALSE,0.139610172577467,FALSE,0,0.248777231013183,TRUE,TRUE,"PC5-PC6",5,0.960490395096049,0.931241842638049,0.931271628794362,FALSE,FALSE,TRUE,TRUE,TRUE,FALSE,FALSE,FALSE,FALSE,"both_insufficient_evidence","PC5-PC6",2,0.686870309805901,0.0590034715953974,0.57122563051609,0.802514989095712,0.903447872225792,0.0118319270210077,0.88025772139691,0.926638023054673,0.883986084151462,0.786617214549914,0.0247205491763466,0.738165828486223,0.835068600613604,TRUE,8,12
0.512912700595581,0.408221662832948,0.159217191141584,0.200852740238447,0.824972660952715,0.200852740238447,0.824972660952715,TRUE,0.00518994810051899,100000,10.2048702174449,0.00608191838621713,1.33226762955019e-15,2.59188319572135,1.5338203276952,0.512912700595581,0.408221662832948,0.408221662832948,2.06285176170827,2.65184485542503,1.51564948308991,2.08412748401655,0.545265466510504,0.428454692592871,0.428454692592871,0.931419407110019,0.941025827225151,3.22129267558047,0.00558113425983444,3.22252480104198,10.3846660933306,0.00555902221572896,0.166357754733615,0.855891012813691,FALSE,0.801811481042227,FALSE,0.166357754733615,0.855891012813691,TRUE,TRUE,"PC1-PC2",1,0.00518994810051899,0.00555902221572896,0.00558113425983444,TRUE,TRUE,TRUE,TRUE,TRUE,TRUE,TRUE,TRUE,FALSE,"both_reject_equality","PC1-PC2",2,2.08412748401655,0.176321799675863,1.73854310696257,2.42971186107053,0.931419407110019,0.000352565501532491,0.930728391424824,0.932110422795214,0.930839488466086,0.941025827225151,0.00505130483556033,0.93112545167252,0.950926202777782,TRUE,10,12
0.386839293116848,0.324143560257628,0.158892174861015,0.0754163529640176,0.698262233269678,0.0754163529640176,0.698262233269678,FALSE,0.0632593674063259,100000,5.71933731647181,0.0572877389415617,4.44089209850063e-16,1.5338203276952,1.03664234588056,0.386839293116848,0.324143560257628,0.324143560257628,1.28523133678788,1.51564948308991,0.979243631383737,1.24791509574032,0.430003071950712,0.353911545968148,0.353911545968148,0.927282086945562,0.90035877681057,2.53359123269542,0.0403750900461927,2.53567230471603,6.42963403690392,0.0401626821810555,0,0.736709750286447,FALSE,0.682146206073942,FALSE,0,0.736709750286447,TRUE,TRUE,"PC2-PC3",2,0.0632593674063259,0.0401626821810555,0.0403750900461927,FALSE,TRUE,TRUE,TRUE,TRUE,FALSE,FALSE,TRUE,FALSE,"methods_differ","PC2-PC3",2,1.24791509574032,0.105811646817292,1.04052807883355,1.45530211264708,0.927282086945562,0.00119529942034152,0.924939343130951,0.929624830760173,0.92531599435872,0.90035877681057,0.00876741341758339,0.883174962274534,0.917542591346607,TRUE,10,12
0.235698676495525,0.210850128394748,0.161846248811659,-0.0815141422082351,0.552911495199284,0,0.552911495199284,FALSE,0.38649613503865,100000,2.09787204938958,0.350310272377205,4.44089209850063e-16,1.03664234588056,0.81806617415221,0.235698676495525,0.210850128394748,0.210850128394748,0.927354260016384,0.979243631383737,0.741124707271839,0.860535929709058,0.276823188106312,0.243166170787774,0.243166170787774,0.918426234819815,0.852251192371614,1.62303281504197,0.267906360846658,1.62457677512515,2.63924969827604,0.267235536805066,0,0.573855313800986,FALSE,0.51782545531621,FALSE,0,0.573855313800986,TRUE,TRUE,"PC3-PC4",3,0.38649613503865,0.267235536805066,0.267906360846658,FALSE,FALSE,TRUE,TRUE,TRUE,FALSE,FALSE,FALSE,FALSE,"both_insufficient_evidence","PC3-PC4",2,0.860535929709058,0.0733164179094396,0.716838391131069,1.00423346828705,0.918426234819815,0.00323055251476479,0.912094468240711,0.92475800139892,0.913112448798847,0.852251192371614,0.0137259078275875,0.825348907374427,0.879153477368802,TRUE,10,12
0.0111409869054486,0.011079269904982,0.150456777593339,-0.283748878407449,0.306030852218346,0,0.306030852218346,FALSE,0.99790002099979,100000,0.00465463181395787,0.997675390192963,4.44089209850063e-16,0.81806617415221,0.809002598208641,0.0111409869054486,0.011079269904982,0.011079269904982,0.813534386180426,0.741124707271839,0.731174839590589,0.736150883380866,0.0135160914807774,0.0134253622684857,0.0134253622684857,0.910926223178712,0.824278795437522,0.0789963039412222,0.996884654771898,0.0789965925241136,0.00624046163042084,0.996884632045895,,,TRUE,0.432318586982922,TRUE,0,0.432318586982922,TRUE,TRUE,"PC4-PC5",4,0.99790002099979,0.996884632045895,0.996884654771898,FALSE,FALSE,TRUE,TRUE,TRUE,FALSE,FALSE,FALSE,FALSE,"both_insufficient_evidence","PC4-PC5",2,0.736150883380866,0.0629766573817326,0.612718903045952,0.859582863715781,0.910926223178712,0.00514495963559817,0.900842287591028,0.921010158766397,0.90246351766158,0.824278795437522,0.0170467047703964,0.790867868032458,0.857689722842586,TRUE,10,12
0.0509993126119088,0.049731184499484,0.138204357918382,-0.219876251414602,0.32187487663842,0,0.32187487663842,FALSE,0.960490395096049,100000,0.0975665946810339,0.952387492240468,4.44089209850063e-16,0.809002598208641,0.768769940736566,0.0509993126119088,0.049731184499484,0.049731184499484,0.788886269472604,0.731174839590589,0.686889508495365,0.709057935132404,0.0624588456158547,0.0605673618638479,0.0605673618638479,0.908535162853096,0.81659941552598,0.364537123121999,0.935715635334451,0.364569604621056,0.132910996613553,0.93570455536688,0,0.239426440071206,FALSE,0.123541494464953,FALSE,0,0.239426440071206,TRUE,TRUE,"PC5-PC6",5,0.960490395096049,0.93570455536688,0.935715635334451,FALSE,FALSE,TRUE,TRUE,TRUE,FALSE,FALSE,FALSE,FALSE,"both_insufficient_evidence","PC5-PC6",2,0.709057935132404,0.0607386621673585,0.590012344815236,0.828103525449572,0.908535162853096,0.00578714307409565,0.897192570854488,0.919877754851704,0.899016159577983,0.81659941552598,0.01803054926341,0.781260188348221,0.851938642703738,TRUE,10,12
0.318921256616347,0.275060013966754,0.160002177201367,0.0053227518536722,0.632519761379022,0.0053227518536722,0.632519761379022,FALSE,0.122568774312257,100000,3.86348439967848,0.144895541468971,1.33226762955019e-15,2.78196749171654,2.01675947458993,0.318921256616347,0.275060013966754,0.275060013966754,2.39936348315324,2.67178444713707,1.86813582842604,2.27066878315809,0.354036445545887,0.300790963721709,0.300790963721709,0.952535931561528,0.901444745583402,2.11446583556548,0.106940477442688,2.11594458317144,4.47722147905255,0.106606505753905,0,0.652640943173303,FALSE,0.598428542501995,FALSE,0,0.652640943173303,TRUE,TRUE,"PC1-PC2",1,0.122568774312257,0.106606505753905,0.106940477442688,FALSE,FALSE,TRUE,TRUE,TRUE,FALSE,FALSE,FALSE,FALSE,"both_insufficient_evidence","PC1-PC2",2,2.27066878315809,0.189962324957582,1.89834946782174,2.64298809849445,0.952535931561528,0.00151196898907978,0.949572526797191,0.955499336325866,0.950048963886002,0.901444745583402,0.00886333150543609,0.884072935049708,0.918816556117096,TRUE,6,18
0.254849591796429,0.226045757307823,0.160038124358847,-0.0588193681002529,0.568518551693111,0,0.568518551693111,FALSE,0.262577374226258,100000,2.45555167582171,0.292943407258012,1.33226762955019e-15,2.01675947458993,1.56087955184853,0.254849591796429,0.226045757307823,0.226045757307823,1.78881951321923,1.86813582842604,1.38410310073666,1.62705225876965,0.297661234756821,0.259099322610389,0.259099322610389,0.942600606589063,0.85735896480039,1.76726119026933,0.209798851495812,1.76970863628624,3.13186865734612,0.208892747482754,0,0.593278412639259,FALSE,0.538276483567241,FALSE,0,0.593278412639259,TRUE,TRUE,"PC2-PC3",2,0.262577374226258,0.208892747482754,0.209798851495812,FALSE,FALSE,TRUE,TRUE,TRUE,FALSE,FALSE,FALSE,FALSE,"both_insufficient_evidence","PC2-PC3",2,1.62705225876965,0.13683336749025,1.35886378660543,1.89524073093387,0.942600606589063,0.00392794841344413,0.934901969165581,0.950299244012545,0.936139706394731,0.85735896480039,0.0138575781012589,0.830198610808972,0.884519318791808,TRUE,6,18
0.143868315378939,0.13421376149543,0.163192501519428,-0.175983110146137,0.463719740904015,0,0.463719740904015,FALSE,0.677173228267717,100000,0.778193587595655,0.677668672714816,6.66133814775094e-16,1.56087955184853,1.35138803595364,0.143868315378939,0.13421376149543,0.13421376149543,1.45613379390108,1.38410310073666,1.15742787776995,1.27135980787345,0.17837691130556,0.163770475513031,0.163770475513031,0.924912670988445,0.807547218952515,1.04921195614815,0.576705890385438,1.05052075725104,1.10359386141529,0.575914002465682,0,0.458491879995439,FALSE,0.399838462095542,FALSE,0,0.458491879995439,TRUE,TRUE,"PC3-PC4",3,0.677173228267717,0.575914002465682,0.576705890385438,FALSE,FALSE,TRUE,TRUE,TRUE,FALSE,FALSE,FALSE,FALSE,"both_insufficient_evidence","PC3-PC4",2,1.27135980787345,0.107937531991243,1.05980613259048,1.48291348315643,0.924912670988445,0.00903906227651629,0.907196434472458,0.942628907504432,0.910044736618677,0.807547218952515,0.0210866603592302,0.766218124094196,0.848876313810835,TRUE,6,18
0.318384748081863,0.274660837331062,0.188297040517082,-0.0506706697270957,0.687440165890822,0,0.687440165890822,FALSE,0.172968270317297,100000,3.85032843191308,0.145851803696079,6.66133814775094e-16,1.35138803595364,0.980214666439431,0.318384748081863,0.274660837331062,0.274660837331062,1.16580135119653,1.15742787776995,0.712196761775496,0.949724643038093,0.476278613981791,0.384672880743373,0.384672880743373,0.865871231341498,0.70538539456893,2.57198292514716,0.0366058182135942,2.71395954824708,7.36557642952152,0.0251527457169111,0,0.79511466588408,FALSE,0.738770701318436,FALSE,0,0.79511466588408,TRUE,TRUE,"PC4-PC5",4,0.172968270317297,0.0251527457169111,0.0366058182135942,FALSE,TRUE,TRUE,TRUE,TRUE,FALSE,FALSE,TRUE,FALSE,"methods_differ","PC4-PC5",2,0.949724643038093,0.083334612880043,0.786391803127621,1.11305748294856,0.865871231341498,0.0315923325627287,0.803951397330938,0.927791065352058,0.813906468541837,0.70538539456893,0.0439719303133862,0.619201994823988,0.791568794313872,TRUE,6,18
0.0733045438967824,0.0707127605662854,0.206340953639992,-0.33111629377325,0.477725381566815,0,0.477725381566815,FALSE,0.918910810891891,100000,0.201643829247656,0.904094024474758,2.22044604925031e-16,0.980214666439431,0.910900981427938,0.0733045438967824,0.0707127605662854,0.0707127605662854,0.945557823933685,0.712196761775496,0.535201014851187,0.649432604386046,0.28378397050371,0.248520853258392,0.248520853258392,0.465903792090803,0.319994299060536,0.957530047910977,0.632274340263694,1.18618278610224,1.40702960204528,0.494842969031522,0,0.685710526299342,FALSE,0.604597706331426,FALSE,0,0.685710526299342,TRUE,TRUE,"PC5-PC6",5,0.918910810891891,0.494842969031522,0.632274340263694,FALSE,FALSE,TRUE,TRUE,TRUE,FALSE,FALSE,FALSE,FALSE,"both_insufficient_evidence","PC5-PC6",2,0.649432604386046,0.0776855663421134,0.497171692236907,0.801693516535186,0.465903792090803,0.231154456735775,0.0128493820227621,0.918958202158845,0.0856885455429666,0.319994299060536,0.184791836877743,-0.0421910458568406,0.682179643977914,TRUE,6,18
0.318921256616347,0.275060013966754,0.160002177201367,0.0053227518536722,0.632519761379022,0.0053227518536722,0.632519761379022,FALSE,0.122568774312257,100000,3.86348439967848,0.144895541468971,1.33226762955019e-15,2.78196749171654,2.01675947458993,0.318921256616347,0.275060013966754,0.275060013966754,2.39936348315324,2.72238630263427,1.90945338845338,2.31638968721966,0.35101945162096,0.298610418879301,0.298610418879301,0.941516803819965,0.908957658989803,2.08482441745994,0.113807548771793,2.08574328973492,4.35032507067426,0.11358968983176,0,0.651021947043979,FALSE,0.596458039392139,FALSE,0,0.651021947043979,TRUE,TRUE,"PC1-PC2",1,0.122568774312257,0.11358968983176,0.113807548771793,FALSE,FALSE,TRUE,TRUE,TRUE,FALSE,FALSE,FALSE,FALSE,"both_insufficient_evidence","PC1-PC2",2,2.31638968721966,0.194918003991668,1.93435741945756,2.69842195498177,0.941516803819965,0.000999669743604992,0.939557487126065,0.943476120513865,0.939872493416443,0.908957658989803,0.00792859673308352,0.893417894945017,0.924497423034588,TRUE,8,18
0.254849591796429,0.226045757307823,0.160038124358847,-0.0588193681002529,0.568518551693111,0,0.568518551693111,FALSE,0.262577374226258,100000,2.45555167582171,0.292943407258012,1.33226762955019e-15,2.01675947458993,1.56087955184853,0.254849591796429,0.226045757307823,0.226045757307823,1.78881951321923,1.90945338845338,1.42186636152583,1.66621302495765,0.292729046457094,0.255354244243943,0.255354244243943,0.935369524295831,0.871258879396598,1.73238321361364,0.223001718916683,1.73369644979182,3.00570338002075,0.22249476850032,0,0.588918467927834,FALSE,0.533635206920165,FALSE,0,0.588918467927834,TRUE,TRUE,"PC2-PC3",2,0.262577374226258,0.22249476850032,0.223001718916683,FALSE,FALSE,TRUE,TRUE,TRUE,FALSE,FALSE,FALSE,FALSE,"both_insufficient_evidence","PC2-PC3",2,1.66621302495765,0.140667344058071,1.39051009680293,1.94191595311237,0.935369524295831,0.00236318596652255,0.930737764912676,0.940001283678985,0.931482429287635,0.871258879396598,0.0116707168641545,0.848384694669091,0.894133064124105,TRUE,8,18
0.143868315378939,0.13421376149543,0.163192501519428,-0.175983110146137,0.463719740904015,0,0.463719740904015,FALSE,0.677173228267717,100000,0.778193587595655,0.677668672714816,6.66133814775094e-16,1.56087955184853,1.35138803595364,0.143868315378939,0.13421376149543,0.13421376149543,1.45613379390108,1.42186636152583,1.19547093617026,1.3089720327566,0.172996751740675,0.159224123645925,0.159224123645925,0.925640947381747,0.832092571144145,1.01866275276268,0.59521243595911,1.01923625079392,1.03884253493245,0.594864715934296,0,0.451604716694799,FALSE,0.392652052409501,FALSE,0,0.451604716694799,TRUE,TRUE,"PC3-PC4",3,0.677173228267717,0.594864715934296,0.59521243595911,FALSE,FALSE,TRUE,TRUE,TRUE,FALSE,FALSE,FALSE,FALSE,"both_insufficient_evidence","PC3-PC4",2,1.3089720327566,0.111087056415964,1.09124540303274,1.52669866248046,0.925640947381747,0.00479551669172571,0.916241907378704,0.93503998738479,0.917753024358256,0.832092571144145,0.0161678609965632,0.800404145883832,0.863780996404459,TRUE,8,18
0.318384748081863,0.274660837331062,0.188297040517082,-0.0506706697270957,0.687440165890822,0,0.687440165890822,FALSE,0.172968270317297,100000,3.85032843191308,0.145851803696079,6.66133814775094e-16,1.35138803595364,0.980214666439431,0.318384748081863,0.274660837331062,0.274660837331062,1.16580135119653,1.19547093617026,0.779958048992715,0.991797945594922,0.420681168797635,0.347572554552147,0.347572554552147,0.899920085042481,0.765601181220688,2.4158349867472,0.0540346732314085,2.44382823487081,5.97229644155176,0.0504815063443265,0,0.731218978622462,FALSE,0.675761942724947,FALSE,0,0.731218978622462,TRUE,TRUE,"PC4-PC5",4,0.172968270317297,0.0504815063443265,0.0540346732314085,FALSE,FALSE,TRUE,TRUE,TRUE,FALSE,FALSE,FALSE,FALSE,"both_insufficient_evidence","PC4-PC5",2,0.991797945594922,0.0853641661493493,0.824487254371905,1.15910863681794,0.899920085042481,0.0125557697717102,0.875311228491752,0.924528941593209,0.879267681594315,0.765601181220688,0.0261275399405587,0.714392143932561,0.816810218508815,TRUE,8,18
0.0733045438967824,0.0707127605662854,0.206340953639992,-0.33111629377325,0.477725381566815,0,0.477725381566815,FALSE,0.918910810891891,100000,0.201643829247656,0.904094024474758,2.22044604925031e-16,0.980214666439431,0.910900981427938,0.0733045438967824,0.0707127605662854,0.0707127605662854,0.945557823933685,0.779958048992715,0.694396110664604,0.738043790114716,0.116067008415398,0.1097006927983,0.1097006927983,0.812784108551979,0.634408863040389,0.637918048815926,0.815894910468246,0.640784542101138,0.410604829395765,0.814400992337229,0,0.381435728993987,FALSE,0.30870950865243,FALSE,0,0.381435728993987,TRUE,TRUE,"PC5-PC6",5,0.918910810891891,0.814400992337229,0.815894910468246,FALSE,FALSE,TRUE,TRUE,TRUE,FALSE,FALSE,FALSE,FALSE,"both_insufficient_evidence","PC5-PC6",2,0.738043790114716,0.0668419173450163,0.60703603946088,0.869051540768551,0.812784108551979,0.0502903511483651,0.714216831531311,0.911351385572647,0.730063842064927,0.634408863040389,0.0602589633726413,0.516303465084294,0.752514260996484,TRUE,8,18
0.318921256616347,0.275060013966754,0.160002177201367,0.0053227518536722,0.632519761379022,0.0053227518536722,0.632519761379022,FALSE,0.122568774312257,100000,3.86348439967848,0.144895541468971,1.33226762955019e-15,2.78196749171654,2.01675947458993,0.318921256616347,0.275060013966754,0.275060013966754,2.39936348315324,2.77180008163788,1.94849660966621,2.36048346314729,0.348835476163348,0.297028446396889,0.297028446396889,0.92958463115363,0.914521357368629,2.05896856281079,0.120070552517538,2.05958986983343,4.24191043192049,0.119917027127418,0,0.650450013960247,FALSE,0.595505241399339,FALSE,0,0.650450013960247,TRUE,TRUE,"PC1-PC2",1,0.122568774312257,0.119917027127418,0.120070552517538,FALSE,FALSE,TRUE,TRUE,TRUE,FALSE,FALSE,FALSE,FALSE,"both_insufficient_evidence","PC1-PC2",2,2.36048346314729,0.199899112173554,1.9686884027456,2.75227852354899,0.92958463115363,0.000706728571355837,0.928199468606927,0.930969793700333,0.928422166099765,0.914521357368629,0.00731532809249065,0.900183577772253,0.928859136965004,TRUE,10,18
0.254849591796429,0.226045757307823,0.160038124358847,-0.0588193681002529,0.568518551693111,0,0.568518551693111,FALSE,0.262577374226258,100000,2.45555167582171,0.292943407258012,1.33226762955019e-15,2.01675947458993,1.56087955184853,0.254849591796429,0.226045757307823,0.226045757307823,1.78881951321923,1.94849660966621,1.45576252578456,1.70249580188199,0.289480949761131,0.252879107634709,0.252879107634709,0.925442557837198,0.880783141036583,1.70453261887408,0.233934124052323,1.705337555541,2.90817617833854,0.233613301296091,0,0.586789610884649,FALSE,0.531152950605414,FALSE,0,0.586789610884649,TRUE,TRUE,"PC2-PC3",2,0.262577374226258,0.233613301296091,0.233934124052323,FALSE,FALSE,TRUE,TRUE,TRUE,FALSE,FALSE,FALSE,FALSE,"both_insufficient_evidence","PC2-PC3",2,1.70249580188199,0.14449928112232,1.41928241509032,1.98570918867367,0.925442557837198,0.00156577514279647,0.922373694949429,0.928511420724968,0.922867086914579,0.880783141036583,0.0104024433095295,0.860394726798686,0.901171555274481,TRUE,10,18
0.143868315378939,0.13421376149543,0.163192501519428,-0.175983110146137,0.463719740904015,0,0.463719740904015,FALSE,0.677173228267717,100000,0.778193587595655,0.677668672714816,6.66133814775094e-16,1.56087955184853,1.35138803595364,0.143868315378939,0.13421376149543,0.13421376149543,1.45613379390108,1.45576252578456,1.22786085575147,1.34199459726731,0.169846239678122,0.156551405875945,0.156551405875945,0.919378838912182,0.847313234422372,0.996974508551911,0.608365707433257,0.997283931963955,0.994575240953486,0.608178034196696,0,0.448359958454839,FALSE,0.388959092900563,FALSE,0,0.448359958454839,TRUE,TRUE,"PC3-PC4",3,0.677173228267717,0.608178034196696,0.608365707433257,FALSE,FALSE,TRUE,TRUE,TRUE,FALSE,FALSE,FALSE,FALSE,"both_insufficient_evidence","PC3-PC4",2,1.34199459726731,0.114276751438951,1.11801628017673,1.56597291435789,0.919378838912182,0.00292546270351009,0.913645037375187,0.925112640449177,0.914566880973803,0.847313234422372,0.0137128748888095,0.820436493515802,0.874189975328942,TRUE,10,18
0.318384748081863,0.274660837331062,0.188297040517082,-0.0506706697270957,0.687440165890822,0,0.687440165890822,FALSE,0.172968270317297,100000,3.85032843191308,0.145851803696079,6.66133814775094e-16,1.35138803595364,0.980214666439431,0.318384748081863,0.274660837331062,0.274660837331062,1.16580135119653,1.22786085575147,0.816862559863409,1.0242113382734,0.402008694916294,0.334727093842018,0.334727093842018,0.905452319209276,0.795482464185056,2.3322229856451,0.0658989989924025,2.34252305019858,5.48741424071164,0.0643314199848469,0,0.710657888973444,FALSE,0.655284975361574,FALSE,0,0.710657888973444,TRUE,TRUE,"PC4-PC5",4,0.172968270317297,0.0643314199848469,0.0658989989924025,FALSE,FALSE,TRUE,TRUE,TRUE,FALSE,FALSE,FALSE,FALSE,"both_insufficient_evidence","PC4-PC5",2,1.0242113382734,0.0878842714872874,0.851961331350776,1.19646134519602,0.905452319209276,0.00640551895332216,0.892897732758476,0.918006905660076,0.894916178126398,0.795482464185056,0.0195874636749888,0.757091740833592,0.833873187536521,TRUE,10,18
0.0733045438967824,0.0707127605662854,0.206340953639992,-0.33111629377325,0.477725381566815,0,0.477725381566815,FALSE,0.918910810891891,100000,0.201643829247656,0.904094024474758,2.22044604925031e-16,0.980214666439431,0.910900981427938,0.0733045438967824,0.0707127605662854,0.0707127605662854,0.945557823933685,0.816862559863409,0.737360723096502,0.777329261973937,0.102304266881784,0.0973258424038931,0.0973258424038931,0.872274730871388,0.717084302645804,0.58465943134836,0.842894627917375,0.585107987900389,0.342351357504842,0.842673520634329,0,0.349835418463924,FALSE,0.276281794804545,FALSE,0,0.349835418463924,TRUE,TRUE,"PC5-PC6",5,0.918910810891891,0.842673520634329,0.842894627917375,FALSE,FALSE,TRUE,TRUE,TRUE,FALSE,FALSE,FALSE,FALSE,"both_insufficient_evidence","PC5-PC6",2,0.777329261973937,0.0679567720117508,0.644136436325306,0.910522087622568,0.872274730871388,0.0162074571346503,0.840508698606497,0.904040763136279,0.845615836219798,0.717084302645804,0.0310598851531659,0.656208046381649,0.77796055890996,TRUE,10,18
0.224455293230897,0.20180697172375,0.164139658919312,-0.0972525266856427,0.546163113147436,0,0.546163113147436,FALSE,0.361436385636144,100000,1.90125519012578,0.386498382845553,4.44089209850063e-16,2.83385114856947,2.26196022996079,0.224455293230897,0.20180697172375,0.20180697172375,2.54790568926513,2.67859462018,2.07686208648612,2.37819552428351,0.253070344579263,0.224644867558737,0.224644867558737,0.950640137951732,0.887320174685561,1.51033470902076,0.319641422349849,1.51100173790617,2.28312625195547,0.319319494908582,0,0.54284928496881,FALSE,0.48747776789515,FALSE,0,0.54284928496881,TRUE,TRUE,"PC1-PC2",1,0.361436385636144,0.319319494908582,0.319641422349849,FALSE,FALSE,TRUE,TRUE,TRUE,FALSE,FALSE,FALSE,FALSE,"both_insufficient_evidence","PC1-PC2",2,2.37819552428351,0.199156210647808,1.98785652411634,2.76853452445069,0.950640137951732,0.00190576100198091,0.946904915024709,0.954375360878756,0.947505440055521,0.887320174685561,0.0101516631217844,0.86742328058368,0.907217068787442,TRUE,6,24
0.333321247127623,0.285705406006952,0.167138906974403,0.00573500904240187,0.660907485212844,0.00573500904240187,0.660907485212844,FALSE,0.115978840211598,100000,4.22532076281392,0.120915855860136,4.44089209850063e-16,2.26196022996079,1.61570596408826,0.333321247127623,0.285705406006952,0.285705406006952,1.93883309702453,2.07686208648612,1.38747695638349,1.7343758708041,0.397989412451728,0.331935921305691,0.331935921305691,0.93912262130449,0.840088616506735,2.35458668044432,0.0625343534613798,2.36182819954329,5.57823244415789,0.0614755206217422,0,0.701236017592188,FALSE,0.64688153889928,FALSE,0,0.701236017592188,TRUE,TRUE,"PC2-PC3",2,0.115978840211598,0.0614755206217422,0.0625343534613798,FALSE,FALSE,TRUE,TRUE,TRUE,FALSE,FALSE,FALSE,FALSE,"both_insufficient_evidence","PC2-PC3",2,1.7343758708041,0.146129010129792,1.44796827385322,2.02078346775498,0.93912262130449,0.00470195184998467,0.929906965021478,0.948338277587501,0.931388598750291,0.840088616506735,0.0155248433776297,0.809660482620956,0.870516750392515,TRUE,6,24
0.0502509684352444,0.0490193339341242,0.174498964282914,-0.291760716898809,0.392262653769298,0,0.392262653769298,FALSE,0.955170448295517,100000,0.0947233956864857,0.953742368638273,4.44089209850063e-16,1.61570596408826,1.53650513389527,0.0502509684352444,0.0490193339341242,0.0490193339341242,1.57610554899177,1.38747695638349,1.3011107485924,1.34439133696586,0.0642465243973634,0.0622469493231866,0.0622469493231866,0.917144892692096,0.782309058721665,0.376704394490824,0.931505578328807,0.376776882205715,0.141960818964659,0.931480140126992,0,0.246472896640215,FALSE,0.137797828818671,FALSE,0,0.246472896640215,TRUE,TRUE,"PC3-PC4",3,0.955170448295517,0.931480140126992,0.931505578328807,FALSE,FALSE,TRUE,TRUE,TRUE,FALSE,FALSE,FALSE,FALSE,"both_insufficient_evidence","PC3-PC4",2,1.34439133696586,0.114620183600892,1.11973990520675,1.56904276872498,0.917144892692096,0.0109613655729821,0.895661010947673,0.938628774436518,0.899115050773035,0.782309058721665,0.0238694410724216,0.735525813888617,0.829092303554712,TRUE,6,24
0.346608816413617,0.295412523799641,0.166437873063896,0.0203965795449311,0.672821053282303,0.0203965795449311,0.672821053282303,FALSE,0.20649793502065,100000,4.57420357340854,0.101560379372136,4.44089209850063e-16,1.53650513389527,1.08260227446016,0.346608816413617,0.295412523799641,0.295412523799641,1.30955370417771,1.3011107485924,0.755143234176958,1.04682574375858,0.531031204306903,0.419616481537864,0.419616481537864,0.863745193391869,0.690457139410025,2.85700720988111,0.0168864272900757,3.02223685544611,9.1339156104168,0.0103895186285558,0.1276019526508,0.852398643663172,FALSE,0.796153106346563,FALSE,0.1276019526508,0.852398643663172,TRUE,TRUE,"PC4-PC5",4,0.20649793502065,0.0103895186285558,0.0168864272900757,FALSE,TRUE,TRUE,TRUE,TRUE,FALSE,FALSE,TRUE,FALSE,"methods_differ","PC4-PC5",2,1.04682574375858,0.0919678307816703,0.866572107690237,1.22707937982693,0.863745193391869,0.0295860794441163,0.80575754323766,0.921732843546078,0.81508042331094,0.690457139410025,0.0424270917763039,0.607301567559694,0.773612711260356,TRUE,6,24
0.0450457571086752,0.0440535444765419,0.20955878541473,-0.365681914948153,0.455773429165503,0,0.455773429165503,FALSE,0.974870251297487,100000,0.0761113152648176,0.962659360059325,2.22044604925031e-16,1.08260227446016,1.03490980701182,0.0450457571086752,0.0440535444765419,0.0440535444765419,1.05875604073599,0.755143234176958,0.668519263993537,0.715122389218426,0.121691721590951,0.11471197285881,0.11471197285881,0.559090874517347,0.377630338427284,0.546190130996779,0.861429698795594,0.557208677215661,0.310481509964426,0.85620901608098,0,0.424515044574746,FALSE,0.329982365015118,FALSE,0,0.424515044574746,TRUE,TRUE,"PC5-PC6",5,0.974870251297487,0.85620901608098,0.861429698795594,FALSE,FALSE,TRUE,TRUE,TRUE,FALSE,FALSE,FALSE,FALSE,"both_insufficient_evidence","PC5-PC6",2,0.715122389218426,0.0780896621415525,0.562069463856082,0.86817531458077,0.559090874517347,0.151222207246716,0.262700794651131,0.855480954383562,0.310352478451978,0.377630338427284,0.127805229308096,0.127136691947534,0.628123984907034,TRUE,6,24
0.224455293230897,0.20180697172375,0.164139658919312,-0.0972525266856427,0.546163113147436,0,0.546163113147436,FALSE,0.361436385636144,100000,1.90125519012578,0.386498382845553,4.44089209850063e-16,2.83385114856947,2.26196022996079,0.224455293230897,0.20180697172375,0.20180697172375,2.54790568926513,2.73061610178176,2.12196661875093,2.42662880375379,0.250855891834857,0.222898225288305,0.222898225288305,0.939763366321067,0.895031893462688,1.48873099383412,0.330165912405236,1.48918685927257,2.21767750183011,0.329941883408247,0,0.541851015447659,FALSE,0.486094137163503,FALSE,0,0.541851015447659,TRUE,TRUE,"PC1-PC2",1,0.361436385636144,0.329941883408247,0.330165912405236,FALSE,FALSE,TRUE,TRUE,TRUE,FALSE,FALSE,FALSE,FALSE,"both_insufficient_evidence","PC1-PC2",2,2.42662880375379,0.204384738197045,2.02604207789793,2.82721552960965,0.939763366321067,0.0013679294463564,0.937082273872817,0.942444458769317,0.937513322609814,0.895031893462688,0.0092158146276375,0.876969228704321,0.913094558221055,TRUE,8,24
0.333321247127623,0.285705406006952,0.167138906974403,0.00573500904240187,0.660907485212844,0.00573500904240187,0.660907485212844,FALSE,0.115978840211598,100000,4.22532076281392,0.120915855860136,4.44089209850063e-16,2.26196022996079,1.61570596408826,0.333321247127623,0.285705406006952,0.285705406006952,1.93883309702453,2.12196661875093,1.42771096920899,1.77630757891157,0.391165469166422,0.327175575434171,0.327175575434171,0.931885906410927,0.853769208282537,2.30791343922336,0.0697224985903993,2.31237100647917,5.34705967160551,0.0690082072502363,0,0.695116733073041,FALSE,0.640507843319696,FALSE,0,0.695116733073041,TRUE,TRUE,"PC2-PC3",2,0.115978840211598,0.0690082072502363,0.0697224985903993,FALSE,FALSE,TRUE,TRUE,TRUE,FALSE,FALSE,FALSE,FALSE,"both_insufficient_evidence","PC2-PC3",2,1.77630757891157,0.150241934694288,1.48183879794315,2.07077635988,0.931885906410927,0.00318299152964378,0.925647357649729,0.938124455172125,0.926650351248837,0.853769208282537,0.013475890545432,0.827356948153886,0.880181468411187,TRUE,8,24
0.0502509684352444,0.0490193339341242,0.174498964282914,-0.291760716898809,0.392262653769298,0,0.392262653769298,FALSE,0.955170448295517,100000,0.0947233956864857,0.953742368638273,4.44089209850063e-16,1.61570596408826,1.53650513389527,0.0502509684352444,0.0490193339341242,0.0490193339341242,1.57610554899177,1.42771096920899,1.34142452634681,1.38462701721568,0.062320130597198,0.060436912458544,0.060436912458544,0.917942500758648,0.806423140641824,0.365598855314749,0.935353018083277,0.365638339274967,0.133691395147756,0.935339515358956,0,0.238932352405122,FALSE,0.124294833308739,FALSE,0,0.238932352405122,TRUE,TRUE,"PC3-PC4",3,0.955170448295517,0.935339515358956,0.935353018083277,FALSE,FALSE,TRUE,TRUE,TRUE,FALSE,FALSE,FALSE,FALSE,"both_insufficient_evidence","PC3-PC4",2,1.38462701721568,0.117999300500593,1.15335263803359,1.61590139639776,0.917942500758648,0.00688282183168073,0.904452417856548,0.931432583660748,0.906621266305147,0.806423140641824,0.0193500512056715,0.768497737179702,0.844348544103946,TRUE,8,24
0.346608816413617,0.295412523799641,0.166437873063896,0.0203965795449311,0.672821053282303,0.0203965795449311,0.672821053282303,FALSE,0.20649793502065,100000,4.57420357340854,0.101560379372136,4.44089209850063e-16,1.53650513389527,1.08260227446016,0.346608816413617,0.295412523799641,0.295412523799641,1.30955370417771,1.34142452634681,0.822471565061059,1.09027528202246,0.479646840110616,0.386867058931036,0.386867058931036,0.887637575034907,0.73900696425626,2.70597978082909,0.0257025958298806,2.76729246598273,7.65790759228477,0.0217323401986609,0.048153613934276,0.794943627060425,FALSE,0.739326805511601,FALSE,0.048153613934276,0.794943627060425,TRUE,TRUE,"PC4-PC5",4,0.20649793502065,0.0217323401986609,0.0257025958298806,FALSE,TRUE,TRUE,TRUE,TRUE,FALSE,FALSE,TRUE,FALSE,"methods_differ","PC4-PC5",2,1.09027528202246,0.0944871386564974,0.905083893253479,1.27546667079143,0.887637575034907,0.0166749386893623,0.854955295759343,0.920319854310471,0.860209741652516,0.73900696425626,0.0305980935322455,0.679035802937471,0.798978125575049,TRUE,8,24
0.0450457571086752,0.0440535444765419,0.20955878541473,-0.365681914948153,0.455773429165503,0,0.455773429165503,FALSE,0.974870251297487,100000,0.0761113152648176,0.962659360059325,2.22044604925031e-16,1.08260227446016,1.03490980701182,0.0450457571086752,0.0440535444765419,0.0440535444765419,1.05875604073599,0.822471565061059,0.758659738703523,0.79130249956303,0.0807166693943819,0.0775854498420253,0.0775854498420253,0.749557450133039,0.560210908873827,0.42630499930388,0.913138258909982,0.427938470149248,0.183131334233679,0.912501392848957,0,0.305455900332054,FALSE,0.204178082408418,FALSE,0,0.305455900332054,TRUE,TRUE,"PC5-PC6",5,0.974870251297487,0.912501392848957,0.913138258909982,FALSE,FALSE,TRUE,TRUE,TRUE,FALSE,FALSE,FALSE,FALSE,"both_insufficient_evidence","PC5-PC6",2,0.79130249956303,0.0746267357383193,0.645036785232136,0.937568213893924,0.749557450133039,0.0800944011335293,0.592575308548017,0.90653959171806,0.617813883930047,0.560210908873827,0.0830969459900109,0.397343887508135,0.723077930239518,TRUE,8,24
0.224455293230897,0.20180697172375,0.164139658919312,-0.0972525266856427,0.546163113147436,0,0.546163113147436,FALSE,0.361436385636144,100000,1.90125519012578,0.386498382845553,4.44089209850063e-16,2.83385114856947,2.26196022996079,0.224455293230897,0.20180697172375,0.20180697172375,2.54790568926513,2.78288645127495,2.16683044502907,2.47509163896754,0.248925754402597,0.221373030136979,0.221373030136979,0.928409583101948,0.901877493485928,1.46847901141194,0.340202141750023,1.46877500461599,2.15730001418471,0.340054286788498,0,0.541254037182484,FALSE,0.485092516372568,FALSE,0,0.541254037182484,TRUE,TRUE,"PC1-PC2",1,0.361436385636144,0.340054286788498,0.340202141750023,FALSE,FALSE,TRUE,TRUE,TRUE,FALSE,FALSE,FALSE,FALSE,"both_insufficient_evidence","PC1-PC2",2,2.47509163896754,0.20973738370726,2.06401392068965,2.88616935724543,0.928409583101948,0.000937964085646503,0.926571207275289,0.930247958928607,0.926866769473722,0.901877493485928,0.00841011392093433,0.885393973095017,0.918361013876838,TRUE,10,24
0.333321247127623,0.285705406006952,0.167138906974403,0.00573500904240187,0.660907485212844,0.00573500904240187,0.660907485212844,FALSE,0.115978840211598,100000,4.22532076281392,0.120915855860136,4.44089209850063e-16,2.26196022996079,1.61570596408826,0.333321247127623,0.285705406006952,0.285705406006952,1.93883309702453,2.16683044502907,1.46647107067586,1.81756612323919,0.385522297737144,0.323218356083146,0.323218356083146,0.923311279757474,0.865561510099689,2.26597318708525,0.0767411474149809,2.26850220736557,5.14610226482246,0.0763023812289587,0,0.690447399642692,FALSE,0.635544412708666,FALSE,0,0.690447399642692,TRUE,TRUE,"PC2-PC3",2,0.115978840211598,0.0763023812289587,0.0767411474149809,FALSE,FALSE,TRUE,TRUE,TRUE,FALSE,FALSE,FALSE,FALSE,"both_insufficient_evidence","PC2-PC3",2,1.81756612323919,0.15444381447927,1.51486180922483,2.12027043725355,0.923311279757474,0.00201323183887712,0.919365417860746,0.927257141654203,0.919999808065403,0.865561510099689,0.0117751613083771,0.84248261802312,0.888640402176258,TRUE,10,24
0.0502509684352444,0.0490193339341242,0.174498964282914,-0.291760716898809,0.392262653769298,0,0.392262653769298,FALSE,0.955170448295517,100000,0.0947233956864857,0.953742368638273,4.44089209850063e-16,1.61570596408826,1.53650513389527,0.0502509684352444,0.0490193339341242,0.0490193339341242,1.57610554899177,1.46647107067586,1.37992704061,1.42323178246478,0.0608095049829576,0.0590151635422125,0.0590151635422125,0.915178273984492,0.826410900582898,0.356218838735218,0.938524863466116,0.356237761152794,0.126905342471155,0.938518537172286,0,0.232662377984151,FALSE,0.111518792228513,FALSE,0,0.232662377984151,TRUE,TRUE,"PC3-PC4",3,0.955170448295517,0.938518537172286,0.938524863466116,FALSE,FALSE,TRUE,TRUE,TRUE,FALSE,FALSE,FALSE,FALSE,"both_insufficient_evidence","PC3-PC4",2,1.42323178246478,0.121472271619424,1.18515050497044,1.66131305995912,0.915178273984492,0.0038799226023571,0.907573765421069,0.922782782547915,0.908796369219714,0.826410900582898,0.0157474975287469,0.79554637257992,0.857275428585875,TRUE,10,24
0.346608816413617,0.295412523799641,0.166437873063896,0.0203965795449311,0.672821053282303,0.0203965795449311,0.672821053282303,FALSE,0.20649793502065,100000,4.57420357340854,0.101560379372136,4.44089209850063e-16,1.53650513389527,1.08260227446016,0.346608816413617,0.295412523799641,0.295412523799641,1.30955370417771,1.37992704061,0.873691050137512,1.12994629787304,0.44926511066884,0.366857069667037,0.366857069667037,0.900287488325738,0.776811604754955,2.59256791281963,0.0347108072882324,2.61041126137856,6.81424695353202,0.0331363809854344,0,0.761148114579871,FALSE,0.705825031780418,FALSE,0,0.761148114579871,TRUE,TRUE,"PC4-PC5",4,0.20649793502065,0.0331363809854344,0.0347108072882324,FALSE,TRUE,TRUE,TRUE,TRUE,FALSE,FALSE,TRUE,FALSE,"methods_differ","PC4-PC5",2,1.12994629787304,0.0972347645128702,0.939369661382581,1.3205229343635,0.900287488325738,0.0076783888203313,0.885238122778593,0.915336853872882,0.887657662625472,0.776811604754955,0.021544675759783,0.734584816207187,0.819038393302723,TRUE,10,24
0.0450457571086752,0.0440535444765419,0.20955878541473,-0.365681914948153,0.455773429165503,0,0.455773429165503,FALSE,0.974870251297487,100000,0.0761113152648176,0.962659360059325,2.22044604925031e-16,1.08260227446016,1.03490980701182,0.0450457571086752,0.0440535444765419,0.0440535444765419,1.05875604073599,0.873691050137512,0.818046020490578,0.845994233993285,0.0657844893429856,0.0636895955820717,0.0636895955820717,0.857315694050549,0.68503423449139,0.372844409659961,0.932854091355476,0.373000598505021,0.139129446485104,0.932799757605755,0,0.252368882157432,FALSE,0.138007937389171,FALSE,0,0.252368882157432,TRUE,TRUE,"PC5-PC6",5,0.974870251297487,0.932799757605755,0.932854091355476,FALSE,FALSE,TRUE,TRUE,TRUE,FALSE,FALSE,FALSE,FALSE,"both_insufficient_evidence","PC5-PC6",2,0.845994233993285,0.0746021573335484,0.699776692450539,0.99221177553603,0.857315694050549,0.0207035430838176,0.816737495253893,0.897893892847205,0.823261396118386,0.68503423449139,0.0355696035340216,0.615319092620339,0.754749376362441,TRUE,10,24
